datetime,hard_xray_hel1os,soft_xray_solexs,hel_slope,sol_slope,sol_rolling_mean_5min,hel_rolling_std_5min
2026-06-13 00:04:00,3.0,7.866666666666666,-2.0,0.6499999999999995,7.64103448275862,1.2823589374447564
2026-06-13 00:05:00,5.333333333333333,6.933333333333334,2.333333333333333,-0.9333333333333327,7.496666666666667,1.2823589374447564
2026-06-13 00:06:00,3.0,6.966666666666667,-2.333333333333333,0.033333333333333215,7.276666666666666,1.1055415967851332
2026-06-13 00:07:00,4.333333333333333,7.1,1.333333333333333,0.13333333333333286,7.216666666666667,1.0954451150103321
2026-06-13 00:08:00,5.0,7.95,0.666666666666667,0.8500000000000005,7.363333333333332,1.0954451150103321
2026-06-13 00:09:00,2.333333333333333,7.7,-2.666666666666667,-0.25,7.33,1.2909944487358056
2026-06-13 00:10:00,2.333333333333333,6.833333333333333,0.0,-0.8666666666666671,7.31,1.2110601416389963
2026-06-13 00:11:00,3.0,7.55,0.666666666666667,0.7166666666666668,7.426666666666667,1.2110601416389963
2026-06-13 00:12:00,3.333333333333333,7.533333333333333,0.33333333333333304,-0.016666666666666607,7.513333333333333,1.095445115010332
2026-06-13 00:13:00,4.333333333333333,7.066666666666666,1.0,-0.4666666666666668,7.336666666666666,0.8299933065325814
2026-06-13 00:14:00,1.6666666666666667,6.35,-2.666666666666666,-0.7166666666666668,7.066666666666667,1.0110500592068727
2026-06-13 00:15:00,2.6666666666666665,6.933333333333334,0.9999999999999998,0.5833333333333339,7.086666666666666,0.9718253158075494
2026-06-13 00:16:00,2.333333333333333,7.083333333333333,-0.3333333333333335,0.14999999999999947,6.993333333333334,1.0165300454651263
2026-06-13 00:17:00,3.6666666666666665,6.25,1.3333333333333335,-0.833333333333333,6.736666666666666,1.0645812948447535
2026-06-13 00:18:00,2.0,6.05,-1.6666666666666665,-0.20000000000000018,6.533333333333333,0.767390962214755
2026-06-13 00:19:00,3.333333333333333,5.083333333333333,1.333333333333333,-0.9666666666666668,6.279999999999999,0.69121471177759
2026-06-13 00:20:00,4.0,5.966666666666667,0.666666666666667,0.8833333333333337,6.086666666666667,0.8628119403696519
2026-06-13 00:21:00,2.333333333333333,5.583333333333333,-1.666666666666667,-0.38333333333333375,5.786666666666667,0.8628119403696519
2026-06-13 00:22:00,3.6666666666666665,5.816666666666666,1.3333333333333335,0.2333333333333334,5.699999999999999,0.8628119403696519
2026-06-13 00:23:00,3.333333333333333,5.266666666666667,-0.3333333333333335,-0.5499999999999998,5.543333333333334,0.6236095644623234
2026-06-13 00:24:00,3.0,4.85,-0.33333333333333304,-0.41666666666666696,5.496666666666666,0.641179468722378
2026-06-13 00:25:00,4.333333333333333,5.133333333333334,1.333333333333333,0.2833333333333341,5.33,0.7453559924999297
2026-06-13 00:26:00,5.0,4.733333333333333,0.666666666666667,-0.40000000000000036,5.16,0.8027729719194865
2026-06-13 00:27:00,4.333333333333333,5.0,-0.666666666666667,0.2666666666666666,4.996666666666667,0.8164965809277263
2026-06-13 00:28:00,4.0,5.1,-0.33333333333333304,0.09999999999999964,4.963333333333334,0.7302967433402217
2026-06-13 00:29:00,2.6666666666666665,5.033333333333333,-1.3333333333333335,-0.06666666666666643,5.0,0.8628119403696526
2026-06-13 00:30:00,4.333333333333333,5.116666666666666,1.6666666666666665,0.08333333333333304,4.996666666666667,0.8628119403696526
2026-06-13 00:31:00,3.6666666666666665,5.033333333333333,-0.6666666666666665,-0.08333333333333304,5.056666666666667,0.6912147117775909
2026-06-13 00:32:00,5.0,5.0,1.3333333333333335,-0.033333333333333215,5.056666666666667,0.8628119403696526
2026-06-13 00:33:00,2.333333333333333,5.333333333333333,-2.666666666666667,0.33333333333333304,5.1033333333333335,1.1155467020454344
2026-06-13 00:34:00,4.333333333333333,4.866666666666666,2.0,-0.4666666666666668,5.069999999999999,1.0110500592068736
2026-06-13 00:35:00,3.333333333333333,4.55,-1.0,-0.31666666666666643,4.956666666666666,1.0110500592068736
2026-06-13 00:36:00,3.333333333333333,4.7,0.0,0.15000000000000036,4.89,1.027402333828163
2026-06-13 00:37:00,2.333333333333333,4.533333333333333,-1.0,-0.16666666666666696,4.796666666666667,0.8366600265340755
2026-06-13 00:38:00,3.0,4.816666666666666,0.666666666666667,0.2833333333333332,4.693333333333333,0.7226494462892933
2026-06-13 00:39:00,1.6666666666666667,4.533333333333333,-1.3333333333333333,-0.2833333333333332,4.626666666666667,0.7226494462892933
2026-06-13 00:40:00,3.0,4.566666666666666,1.3333333333333333,0.033333333333333215,4.63,0.6666666666666667
2026-06-13 00:41:00,2.0,4.366666666666666,-1.0,-0.20000000000000018,4.5633333333333335,0.5962847939999443
2026-06-13 00:42:00,1.0,4.666666666666667,-1.0,0.3000000000000007,4.59,0.8692269873603535
2026-06-13 00:43:00,1.6666666666666667,4.4,0.6666666666666667,-0.2666666666666666,4.506666666666666,0.7302967433402221
2026-06-13 00:44:00,3.333333333333333,5.266666666666667,1.6666666666666663,0.8666666666666663,4.653333333333333,0.9603240193925292
2026-06-13 00:45:00,1.6666666666666667,4.3,-1.6666666666666663,-0.9666666666666668,4.6,0.8628119403696526
2026-06-13 00:46:00,4.333333333333333,4.416666666666667,2.666666666666666,0.11666666666666714,4.61,1.3824294235551815
2026-06-13 00:47:00,1.3333333333333333,4.633333333333334,-3.0,0.21666666666666679,4.6033333333333335,1.30384048104053
2026-06-13 00:48:00,2.333333333333333,4.883333333333334,0.9999999999999998,0.25,4.7,1.2337837015547835
2026-06-13 00:49:00,3.333333333333333,4.216666666666667,1.0,-0.666666666666667,4.49,1.2337837015547835
2026-06-13 00:50:00,3.6666666666666665,4.45,0.3333333333333335,0.2333333333333334,4.5200000000000005,1.1785113019775795
2026-06-13 00:51:00,2.0,4.55,-1.6666666666666665,0.09999999999999964,4.546666666666667,0.9603240193925293
2026-06-13 00:52:00,2.6666666666666665,5.133333333333334,0.6666666666666665,0.5833333333333339,4.6466666666666665,0.6912147117775911
2026-06-13 00:53:00,4.333333333333333,4.166666666666667,1.6666666666666665,-0.9666666666666668,4.503333333333334,0.9006170724070864
2026-06-13 00:54:00,3.0,4.466666666666667,-1.333333333333333,0.2999999999999998,4.553333333333333,0.9006170724070864
2026-06-13 00:55:00,3.333333333333333,4.416666666666667,0.33333333333333304,-0.04999999999999982,4.546666666666667,0.8628119403696524
2026-06-13 00:56:00,5.333333333333333,4.766666666666667,2.0,0.34999999999999964,4.590000000000001,1.090361815586408
2026-06-13 00:57:00,9.0,4.75,3.666666666666667,-0.016666666666666607,4.513333333333334,2.41522945769824
2026-06-13 00:58:00,4.0,4.7,-5.0,-0.04999999999999982,4.62,2.442676128074835
2026-06-13 00:59:00,4.666666666666667,4.816666666666666,0.666666666666667,0.11666666666666625,4.6899999999999995,2.2161026851459544
2026-06-13 01:00:00,2.333333333333333,5.05,-2.333333333333334,0.2333333333333334,4.816666666666667,2.4653149449467455
2026-06-13 01:01:00,2.6666666666666665,4.6,0.3333333333333335,-0.4500000000000002,4.783333333333333,2.672909359563927
2026-06-13 01:02:00,4.0,4.85,1.3333333333333335,0.25,4.803333333333333,0.9888264649460866
2026-06-13 01:03:00,5.666666666666667,5.866666666666666,1.666666666666667,1.0166666666666666,5.036666666666666,1.386442289539027
2026-06-13 01:04:00,7.0,6.616666666666666,1.333333333333333,0.75,5.3966666666666665,1.9860625479688303
2026-06-13 01:05:00,5.333333333333333,7.95,-1.666666666666667,1.333333333333334,5.976666666666666,1.656636485305223
2026-06-13 01:06:00,5.333333333333333,7.616666666666666,0.0,-0.3333333333333339,6.58,1.06978710239208
2026-06-13 01:07:00,3.6666666666666665,7.7,-1.6666666666666665,0.08333333333333393,7.15,1.18790197874703
2026-06-13 01:08:00,3.6666666666666665,6.716666666666667,0.0,-0.9833333333333334,7.32,1.3944333775567912
2026-06-13 01:09:00,2.0,6.133333333333334,-1.6666666666666665,-0.583333333333333,7.223333333333334,1.3944333775567899
2026-06-13 01:10:00,1.3333333333333333,6.433333333333334,-0.6666666666666667,0.2999999999999998,6.92,1.5740958604156763
2026-06-13 01:11:00,1.0,5.916666666666667,-0.33333333333333326,-0.5166666666666666,6.58,1.26929551764398
2026-06-13 01:12:00,3.0,5.45,2.0,-0.4666666666666668,6.130000000000001,1.1205157542647688
2026-06-13 01:13:00,3.6666666666666665,6.0,0.6666666666666665,0.5499999999999998,5.986666666666666,1.1205157542647688
2026-06-13 01:14:00,7.0,6.783333333333333,3.3333333333333335,0.7833333333333332,6.116666666666667,2.399073895392876
2026-06-13 01:15:00,7.0,8.116666666666667,0.0,1.333333333333334,6.453333333333333,2.6246692913372693
2026-06-13 01:16:00,6.666666666666667,8.75,-0.33333333333333304,0.6333333333333329,7.0200000000000005,1.9663841605003496
2026-06-13 01:17:00,5.0,8.616666666666667,-1.666666666666667,-0.13333333333333286,7.653333333333333,1.483239697419132
2026-06-13 01:18:00,6.0,6.966666666666667,1.0,-1.6500000000000004,7.846666666666667,0.8498365855987974
2026-06-13 01:19:00,2.333333333333333,6.383333333333334,-3.666666666666667,-0.583333333333333,7.7666666666666675,1.8767584347012323
2026-06-13 01:20:00,4.333333333333333,5.816666666666666,2.0,-0.5666666666666673,7.3066666666666675,1.6766368453279041
2026-06-13 01:21:00,4.666666666666667,6.283333333333333,0.3333333333333339,0.4666666666666668,6.813333333333334,1.3457752825457543
2026-06-13 01:22:00,2.0,5.466666666666667,-2.666666666666667,-0.8166666666666664,6.183333333333334,1.6766368453279035
2026-06-13 01:23:00,3.0,5.433333333333334,1.0,-0.033333333333333215,5.876666666666667,1.187901978747027
2026-06-13 01:24:00,4.666666666666667,4.7,1.666666666666667,-0.7333333333333334,5.540000000000001,1.1879019787470275
2026-06-13 01:25:00,3.0,4.95,-1.666666666666667,0.25,5.366666666666667,1.1690451944500087
2026-06-13 01:26:00,5.666666666666667,4.85,2.666666666666667,-0.10000000000000053,5.08,1.471960144387972
2026-06-13 01:27:00,7.666666666666667,5.1,2.0,0.25,5.006666666666667,1.966384160500349
2026-06-13 01:28:00,3.0,5.266666666666667,-4.666666666666667,0.16666666666666696,4.973333333333334,1.966384160500349
2026-06-13 01:29:00,3.6666666666666665,5.65,0.6666666666666665,0.38333333333333375,5.163333333333332,2.0330600909302525
2026-06-13 01:30:00,4.666666666666667,4.583333333333333,1.0000000000000004,-1.0666666666666673,5.09,1.8318175552045435
2026-06-13 01:31:00,5.333333333333333,5.283333333333333,0.6666666666666661,0.7000000000000002,5.176666666666667,1.8043158136965796
2026-06-13 01:32:00,3.0,4.866666666666666,-2.333333333333333,-0.41666666666666696,5.13,1.0381607668264914
2026-06-13 01:33:00,2.6666666666666665,5.5,-0.3333333333333335,0.6333333333333337,5.176666666666667,1.1205157542647701
2026-06-13 01:34:00,4.333333333333333,4.966666666666667,1.6666666666666665,-0.5333333333333332,5.040000000000001,1.1303883305208742
2026-06-13 01:35:00,2.6666666666666665,5.4,-1.6666666666666665,0.43333333333333357,5.203333333333333,1.1879019787470266
2026-06-13 01:36:00,4.666666666666667,4.533333333333333,2.0000000000000004,-0.8666666666666671,5.053333333333333,0.9603240193925239
2026-06-13 01:37:00,2.333333333333333,4.8,-2.333333333333334,0.2666666666666666,5.04,1.0801234497346388
2026-06-13 01:38:00,3.0,4.016666666666667,0.666666666666667,-0.7833333333333332,4.743333333333334,1.0381607668264912
2026-06-13 01:39:00,4.666666666666667,4.366666666666666,1.666666666666667,0.34999999999999964,4.623333333333333,1.12051575426477
2026-06-13 01:40:00,2.333333333333333,4.016666666666667,-2.333333333333334,-0.34999999999999964,4.346666666666667,1.1879019787470269
2026-06-13 01:41:00,3.333333333333333,4.383333333333334,1.0,0.36666666666666714,4.316666666666667,0.9603240193925237
2026-06-13 01:42:00,1.6666666666666667,4.133333333333334,-1.6666666666666663,-0.25,4.183333333333334,1.1303883305208733
2026-06-13 01:43:00,3.0,4.116666666666666,1.3333333333333333,-0.016666666666667496,4.203333333333333,1.1303883305208733
2026-06-13 01:44:00,2.0,3.8666666666666663,-1.0,-0.25,4.1033333333333335,0.6912147117775819
2026-06-13 01:45:00,1.3333333333333333,4.316666666666666,-0.6666666666666667,0.4500000000000002,4.163333333333334,0.862811940369645
2026-06-13 01:46:00,5.0,4.083333333333333,3.666666666666667,-0.2333333333333334,4.1033333333333335,1.4794894014114726
2026-06-13 01:47:00,4.0,4.0,-1.0,-0.08333333333333304,4.076666666666666,1.479489401411473
2026-06-13 01:48:00,3.6666666666666665,4.133333333333334,-0.3333333333333335,0.13333333333333375,4.08,1.5018507101425047
2026-06-13 01:49:00,3.0,4.8,-0.6666666666666665,0.6666666666666661,4.266666666666667,1.3621877827801665
2026-06-13 01:50:00,1.3333333333333333,4.5,-1.6666666666666667,-0.2999999999999998,4.303333333333333,1.3621877827801665
2026-06-13 01:51:00,3.6666666666666665,4.716666666666667,2.333333333333333,0.21666666666666679,4.43,1.069787102392076
2026-06-13 01:52:00,4.333333333333333,4.9,0.6666666666666665,0.18333333333333357,4.61,1.14503760248784
2026-06-13 01:53:00,5.333333333333333,5.55,1.0,0.6499999999999995,4.8933333333333335,1.5018507101425047
2026-06-13 01:54:00,7.666666666666667,5.383333333333334,2.333333333333334,-0.16666666666666607,5.01,2.316606713852539
2026-06-13 01:55:00,7.666666666666667,6.25,0.0,0.8666666666666663,5.36,1.8618986725025244
2026-06-13 01:56:00,4.0,5.633333333333334,-3.666666666666667,-0.6166666666666663,5.543333333333334,1.7732581437693837
2026-06-13 01:57:00,4.0,6.083333333333333,0.0,0.4499999999999993,5.779999999999999,1.8469193569593412
2026-06-13 01:58:00,4.333333333333333,5.55,0.33333333333333304,-0.5333333333333332,5.78,1.9522067285795084
2026-06-13 01:59:00,1.6666666666666667,5.833333333333333,-2.666666666666666,0.2833333333333332,5.869999999999999,2.147349787787519
2026-06-13 02:00:00,3.333333333333333,5.416666666666667,1.6666666666666663,-0.4166666666666661,5.703333333333333,1.069787102392075
2026-06-13 02:01:00,4.666666666666667,5.883333333333334,1.333333333333334,0.4666666666666668,5.753333333333333,1.1879019787470257
2026-06-13 02:02:00,11.0,6.466666666666667,6.333333333333333,0.583333333333333,5.83,3.5512126254437515
2026-06-13 02:03:00,13.666666666666666,8.333333333333334,2.666666666666666,1.8666666666666671,6.386666666666667,5.188662854938855
2026-06-13 02:04:00,22.33333333333333,10.5,8.666666666666663,2.166666666666666,7.32,7.6557893852372345
2026-06-13 02:05:00,19.0,13.1,-3.3333333333333286,2.5999999999999996,8.856666666666666,6.902495522957221
2026-06-13 02:06:00,24.33333333333333,15.6,5.333333333333329,2.5,10.8,5.6489920438173025
2026-06-13 02:07:00,22.0,15.083333333333334,-2.3333333333333286,-0.5166666666666657,12.523333333333333,4.152643067305997
2026-06-13 02:08:00,14.0,16.183333333333334,-8.0,1.0999999999999996,14.093333333333334,4.020779360604953
2026-06-13 02:09:00,16.0,18.05,2.0,1.8666666666666671,15.603333333333333,4.225583457412201
2026-06-13 02:10:00,17.333333333333332,18.25,1.3333333333333321,0.1999999999999993,16.633333333333333,4.297285965195562
2026-06-13 02:11:00,25.666666666666668,19.116666666666667,8.333333333333336,0.8666666666666671,17.336666666666666,4.74926894959168
2026-06-13 02:12:00,29.33333333333333,20.266666666666666,3.6666666666666607,1.1499999999999986,18.37333333333333,6.656659155395535
2026-06-13 02:13:00,63.333333333333336,24.05,34.00000000000001,3.783333333333335,19.94666666666667,19.275776393067954
2026-06-13 02:14:00,81.0,32.18333333333333,17.666666666666664,8.13333333333333,22.773333333333333,27.39931061582066
2026-06-13 02:15:00,87.0,39.11666666666667,6.0,6.933333333333337,26.946666666666665,28.561240246957848
2026-06-13 02:16:00,75.0,43.78333333333333,-12.0,4.666666666666664,31.880000000000003,22.86992202289579
2026-06-13 02:17:00,49.66666666666666,43.766666666666666,-25.333333333333343,-0.01666666666666572,36.58,14.88026284116724
2026-06-13 02:18:00,44.0,44.65,-5.666666666666657,0.8833333333333329,40.7,19.293061504650385
2026-06-13 02:19:00,20.666666666666668,41.18333333333333,-23.333333333333332,-3.4666666666666686,42.5,26.22911867880176
2026-06-13 02:20:00,16.333333333333332,38.21666666666667,-4.333333333333336,-2.9666666666666615,42.32,23.779776655338438
2026-06-13 02:21:00,16.333333333333332,37.65,0.0,-0.56666666666667,41.09333333333333,16.137258475686405
2026-06-13 02:22:00,17.0,34.083333333333336,0.6666666666666679,-3.566666666666663,39.156666666666666,11.950360292104717
2026-06-13 02:23:00,10.0,33.31666666666667,-7.0,-0.7666666666666657,36.89,3.8398495340894288
2026-06-13 02:24:00,15.0,28.766666666666666,5.0,-4.550000000000004,34.406666666666666,2.851899951494747
2026-06-13 02:25:00,11.0,31.4,-4.0,2.633333333333333,33.04333333333334,3.1763011332194786
2026-06-13 02:26:00,14.333333333333334,31.216666666666665,3.333333333333334,-0.18333333333333357,31.756666666666668,2.902106514624282
2026-06-13 02:27:00,9.0,29.166666666666668,-5.333333333333334,-2.049999999999997,30.773333333333333,2.6624967396959263
2026-06-13 02:28:00,6.666666666666667,29.133333333333333,-2.333333333333333,-0.03333333333333499,29.936666666666667,3.524517303436713
2026-06-13 02:29:00,9.333333333333334,27.2,2.666666666666667,-1.9333333333333336,29.623333333333335,2.8421431663060903
2026-06-13 02:30:00,5.666666666666667,25.83333333333333,-3.666666666666667,-1.3666666666666707,28.509999999999998,3.35824027993538
2026-06-13 02:31:00,4.666666666666667,24.9,-1.0,-0.93333333333333,27.246666666666663,2.0466775244018445
2026-06-13 02:32:00,7.0,24.166666666666668,2.333333333333333,-0.7333333333333307,26.246666666666663,1.7480147469510514
2026-06-13 02:33:00,5.333333333333333,22.666666666666668,-1.666666666666667,-1.5,24.953333333333333,1.8469193569601021
2026-06-13 02:34:00,4.333333333333333,23.55,-1.0,0.8833333333333329,24.223333333333336,1.0381607668278696
2026-06-13 02:35:00,2.0,22.33333333333333,-2.333333333333333,-1.2166666666666721,23.523333333333333,1.8104634152008334
2026-06-13 02:36:00,5.0,21.666666666666668,3.0,-0.6666666666666607,22.876666666666665,1.8165902124592888
2026-06-13 02:37:00,5.333333333333333,21.15,0.33333333333333304,-0.5166666666666693,22.273333333333333,1.4023789311985424
2026-06-13 02:38:00,4.666666666666667,20.45,-0.6666666666666661,-0.6999999999999993,21.830000000000002,1.3207741837450302
2026-06-13 02:39:00,4.0,20.666666666666668,-0.666666666666667,0.21666666666666856,21.25333333333333,1.3249737942912172
2026-06-13 02:40:00,4.333333333333333,20.683333333333334,0.33333333333333304,0.01666666666666572,20.923333333333336,0.5270462766974682
2026-06-13 02:41:00,4.0,19.766666666666666,-0.33333333333333304,-0.9166666666666679,20.543333333333333,0.5577733510253133
2026-06-13 02:42:00,3.6666666666666665,18.816666666666663,-0.3333333333333335,-0.9500000000000028,20.076666666666664,0.38005847503687823
2026-06-13 02:43:00,3.0,18.316666666666663,-0.6666666666666665,-0.5,19.65,0.505525029606334
2026-06-13 02:44:00,1.6666666666666667,17.5,-1.3333333333333333,-0.8166666666666629,19.016666666666666,1.0540925533908603
2026-06-13 02:45:00,5.0,17.566666666666666,3.333333333333333,0.06666666666666643,18.39333333333333,1.2382783747349702
2026-06-13 02:46:00,3.0,15.533333333333331,-2.0,-2.033333333333335,17.546666666666663,1.2110601416402171
2026-06-13 02:47:00,4.333333333333333,15.3,1.333333333333333,-0.23333333333333073,16.843333333333334,1.2995725793089965
2026-06-13 02:48:00,2.333333333333333,14.2,-2.0,-1.1000000000000014,16.02,1.3824294235562506
2026-06-13 02:49:00,2.6666666666666665,14.333333333333334,0.3333333333333335,0.13333333333333464,15.386666666666667,1.1450376024891311
2026-06-13 02:50:00,4.666666666666667,13.816666666666666,2.0000000000000004,-0.5166666666666675,14.636666666666667,1.0381607668279165
2026-06-13 02:51:00,3.0,13.216666666666669,-1.666666666666667,-0.5999999999999979,14.173333333333336,1.0381607668279165
2026-06-13 02:52:00,8.666666666666666,14.35,5.666666666666666,1.133333333333331,13.983333333333334,2.618311584887952
2026-06-13 02:53:00,8.0,15.516666666666667,-0.6666666666666661,1.1666666666666679,14.246666666666666,2.7928480087542975
2026-06-13 02:54:00,7.333333333333333,15.316666666666666,-0.666666666666667,-0.20000000000000107,14.443333333333333,2.403700850309908
2026-06-13 02:55:00,6.0,16.0,-1.333333333333333,0.6833333333333336,14.88,2.2410315085301686
2026-06-13 02:56:00,3.6666666666666665,15.633333333333333,-2.3333333333333335,-0.36666666666666714,15.363333333333333,1.9776529298928784
2026-06-13 02:57:00,7.0,15.75,3.3333333333333335,0.11666666666666714,15.643333333333334,1.689838914085703
2026-06-13 02:58:00,3.6666666666666665,15.133333333333333,-3.3333333333333335,-0.6166666666666671,15.566666666666666,1.7732581437701855
2026-06-13 02:59:00,4.0,14.75,0.3333333333333335,-0.38333333333333286,15.453333333333333,1.5383974345628446
2026-06-13 03:00:00,2.0,13.6,-2.0,-1.1500000000000004,14.973333333333333,1.816590212459298
2026-06-13 03:01:00,4.666666666666667,14.133333333333333,2.666666666666667,0.5333333333333332,14.673333333333332,1.8165902124592952
2026-06-13 03:02:00,5.666666666666667,13.2,1.0,-0.9333333333333336,14.163333333333332,1.354006400773739
2026-06-13 03:03:00,3.0,13.133333333333333,-2.666666666666667,-0.06666666666666643,13.763333333333332,1.4259499757481893
2026-06-13 03:04:00,2.6666666666666665,12.133333333333333,-0.3333333333333335,-1.0,13.24,1.5165750888112801
2026-06-13 03:05:00,3.0,11.966666666666669,0.3333333333333335,-0.1666666666666643,12.913333333333332,1.303840481041654
2026-06-13 03:06:00,2.333333333333333,11.766666666666667,-0.666666666666667,-0.20000000000000107,12.440000000000001,1.333333333334442
2026-06-13 03:07:00,0.6666666666666666,10.966666666666669,-1.6666666666666665,-0.7999999999999989,11.993333333333334,0.971825315809098
2026-06-13 03:08:00,2.333333333333333,8.85,1.6666666666666665,-2.116666666666669,11.136666666666667,0.9006170724087605
2026-06-13 03:09:00,2.333333333333333,8.416666666666666,0.0,-0.43333333333333357,10.393333333333334,0.8692269873620898
2026-06-13 03:10:00,3.6666666666666665,8.116666666666667,1.3333333333333335,-0.29999999999999893,9.623333333333335,1.0645812948461686
2026-06-13 03:11:00,1.6666666666666667,7.8,-1.9999999999999998,-0.3166666666666673,8.830000000000002,1.0954451150117102
2026-06-13 03:12:00,5.0,7.633333333333334,3.333333333333333,-0.16666666666666607,8.163333333333334,1.3333333333344481
2026-06-13 03:13:00,3.333333333333333,7.083333333333333,-1.666666666666667,-0.5500000000000007,7.8100000000000005,1.2823589374459115
2026-06-13 03:14:00,3.0,6.8,-0.33333333333333304,-0.2833333333333332,7.486666666666667,1.2018504251558926
2026-06-13 03:15:00,3.6666666666666665,5.916666666666667,0.6666666666666665,-0.8833333333333329,7.046666666666667,1.2018504251558926
2026-06-13 03:16:00,4.333333333333333,6.7,0.6666666666666665,0.7833333333333332,6.826666666666666,0.8027729719213097
2026-06-13 03:17:00,4.666666666666667,5.433333333333334,0.3333333333333339,-1.2666666666666666,6.386666666666667,0.6912147117797108
2026-06-13 03:18:00,6.0,5.083333333333333,1.333333333333333,-0.35000000000000053,5.986666666666666,1.130388330522162
2026-06-13 03:19:00,1.3333333333333333,4.666666666666667,-4.666666666666667,-0.4166666666666661,5.5600000000000005,1.7159383568320177
2026-06-13 03:20:00,4.0,5.383333333333334,2.666666666666667,0.7166666666666668,5.453333333333333,1.7061978522768184
2026-06-13 03:21:00,4.333333333333333,5.366666666666666,0.33333333333333304,-0.016666666666667496,5.1866666666666665,1.7061978522768184
2026-06-13 03:22:00,4.666666666666667,4.216666666666667,0.3333333333333339,-1.1499999999999995,4.943333333333333,1.7061978522768184
2026-06-13 03:23:00,3.333333333333333,4.65,-1.333333333333334,0.43333333333333357,4.856666666666667,1.3249737942912303
2026-06-13 03:24:00,2.333333333333333,4.833333333333333,-1.0,0.18333333333333268,4.89,0.9249624617023596
2026-06-13 03:25:00,3.0,4.866666666666666,0.666666666666667,0.033333333333333215,4.786666666666667,0.9603240193940616
2026-06-13 03:26:00,4.333333333333333,4.283333333333333,1.333333333333333,-0.583333333333333,4.57,0.9603240193940616
2026-06-13 03:27:00,2.0,4.833333333333333,-2.333333333333333,0.5499999999999998,4.693333333333333,0.912870929176904
2026-06-13 03:28:00,2.6666666666666665,4.666666666666667,0.6666666666666665,-0.16666666666666607,4.696666666666667,0.9006170724087397
2026-06-13 03:29:00,2.6666666666666665,4.816666666666666,0.0,0.14999999999999947,4.693333333333333,0.862811940371376
2026-06-13 03:30:00,2.6666666666666665,4.566666666666666,0.0,-0.25,4.633333333333333,0.8692269873620662
2026-06-13 03:31:00,1.6666666666666667,4.266666666666667,-0.9999999999999998,-0.2999999999999998,4.630000000000001,0.4714045207942202
2026-06-13 03:32:00,3.333333333333333,4.35,1.6666666666666663,0.08333333333333304,4.533333333333333,0.5962847940024528
2026-06-13 03:33:00,2.0,4.416666666666667,-1.333333333333333,0.06666666666666732,4.483333333333333,0.6497862896562386
2026-06-13 03:34:00,4.0,4.133333333333334,2.0,-0.2833333333333332,4.346666666666667,0.9545214042199873
2026-06-13 03:35:00,3.0,3.55,-1.0,-0.5833333333333339,4.143333333333333,0.9603240193940814
2026-06-13 03:36:00,1.6666666666666667,3.85,-1.3333333333333333,0.30000000000000027,4.0600000000000005,0.9603240193940814
2026-06-13 03:37:00,3.6666666666666665,3.9,1.9999999999999998,0.04999999999999982,3.97,1.016530045466592
2026-06-13 03:38:00,3.6666666666666665,3.683333333333333,0.0,-0.21666666666666679,3.8233333333333333,0.9309493362528527
2026-06-13 03:39:00,2.0,3.8333333333333335,-1.6666666666666665,0.15000000000000036,3.763333333333333,0.9309493362528641
2026-06-13 03:40:00,5.0,3.783333333333333,3.0,-0.050000000000000266,3.81,1.36626010212903
2026-06-13 03:41:00,2.6666666666666665,4.2,-2.3333333333333335,0.41666666666666696,3.88,1.1401754251004315
2026-06-13 03:42:00,3.333333333333333,3.966666666666667,0.6666666666666665,-0.2333333333333334,3.8933333333333335,1.1303883305221845
2026-06-13 03:43:00,1.6666666666666667,3.5166666666666666,-1.6666666666666663,-0.4500000000000002,3.8600000000000003,1.320774183745056
2026-06-13 03:44:00,3.0,4.216666666666667,1.3333333333333333,0.7000000000000002,3.9366666666666665,1.2156388352552503
2026-06-13 03:45:00,3.0,4.216666666666667,0.0,0.0,4.023333333333333,0.6411794687247059
2026-06-13 03:46:00,2.333333333333333,4.0,-0.666666666666667,-0.21666666666666679,3.9833333333333334,0.6666666666689081
2026-06-13 03:47:00,4.0,4.1,1.666666666666667,0.09999999999999964,4.01,0.8692269873620683
2026-06-13 03:48:00,3.333333333333333,3.5,-0.666666666666667,-0.5999999999999996,4.006666666666667,0.6055300708219458
2026-06-13 03:49:00,3.0,3.85,-0.33333333333333304,0.3500000000000001,3.9333333333333327,0.6055300708219458
2026-06-13 03:50:00,4.0,3.566666666666667,1.0,-0.2833333333333332,3.8033333333333332,0.707106781188636
2026-06-13 03:51:00,2.333333333333333,4.016666666666667,-1.666666666666667,0.44999999999999973,3.806666666666667,0.707106781188636
2026-06-13 03:52:00,3.6666666666666665,4.033333333333333,1.3333333333333335,0.016666666666666607,3.793333333333333,0.6411794687246841
2026-06-13 03:53:00,3.333333333333333,4.066666666666666,-0.3333333333333335,0.033333333333333215,3.9066666666666663,0.6411794687246841
2026-06-13 03:54:00,4.0,4.183333333333334,0.666666666666667,0.11666666666666714,3.9733333333333336,0.6912147117797223
2026-06-13 03:55:00,3.6666666666666665,4.166666666666667,-0.3333333333333335,-0.016666666666666607,4.093333333333334,0.6411794687246788
2026-06-13 03:56:00,3.6666666666666665,4.166666666666667,0.0,0.0,4.123333333333333,0.23570226040174488
2026-06-13 03:57:00,3.0,4.083333333333333,-0.6666666666666665,-0.08333333333333393,4.133333333333333,0.3800584750369179
2026-06-13 03:58:00,3.0,4.55,0.0,0.4666666666666668,4.2299999999999995,0.4472135955032523
2026-06-13 03:59:00,2.6666666666666665,3.8,-0.3333333333333335,-0.75,4.153333333333333,0.4472135955032675
2026-06-13 04:00:00,2.6666666666666665,3.9166666666666665,0.0,0.1166666666666667,4.1033333333333335,0.40824829046750094
2026-06-13 04:01:00,4.0,3.4833333333333334,1.3333333333333335,-0.4333333333333331,3.9666666666666663,0.5477225575078747
2026-06-13 04:02:00,3.333333333333333,3.65,-0.666666666666667,0.16666666666666652,3.88,0.5577733510253737
2026-06-13 04:03:00,3.6666666666666665,3.6,0.3333333333333335,-0.04999999999999982,3.69,0.5962847940024233
2026-06-13 04:04:00,4.0,3.783333333333333,0.3333333333333335,0.18333333333333313,3.6866666666666665,0.5577733510253553
2026-06-13 04:05:00,2.0,3.75,-2.0,-0.033333333333333215,3.6533333333333333,0.8299933065343592
2026-06-13 04:06:00,3.6666666666666665,3.716666666666667,1.6666666666666665,-0.033333333333333215,3.7,0.7817359599724605
2026-06-13 04:07:00,2.333333333333333,3.466666666666667,-1.3333333333333335,-0.25,3.663333333333333,0.9006170724087318
2026-06-13 04:08:00,2.6666666666666665,3.7666666666666666,0.3333333333333335,0.2999999999999998,3.6966666666666668,0.8628119403713758
2026-06-13 04:09:00,2.6666666666666665,3.316666666666667,0.0,-0.44999999999999973,3.603333333333333,0.6236095644647192
2026-06-13 04:10:00,4.666666666666667,3.3,2.0000000000000004,-0.01666666666666705,3.513333333333333,0.9603240193940703
2026-06-13 04:11:00,3.0,3.316666666666667,-1.666666666666667,0.01666666666666705,3.4333333333333336,0.924962461702378
2026-06-13 04:12:00,6.333333333333333,3.7,3.333333333333333,0.3833333333333333,3.4799999999999995,1.6090024514871986
2026-06-13 04:13:00,4.333333333333333,3.7666666666666666,-2.0,0.06666666666666643,3.4800000000000004,1.4643921757669127
2026-06-13 04:14:00,2.6666666666666665,3.983333333333333,-1.6666666666666665,0.21666666666666634,3.6133333333333333,1.4643921757669127
2026-06-13 04:15:00,3.333333333333333,4.45,0.6666666666666665,0.46666666666666723,3.8433333333333337,1.479489401412464
2026-06-13 04:16:00,4.333333333333333,4.15,1.0,-0.2999999999999998,4.01,1.386442289540077
2026-06-13 04:17:00,3.6666666666666665,4.266666666666667,-0.6666666666666665,0.11666666666666625,4.123333333333333,0.707106781188623
2026-06-13 04:18:00,5.333333333333333,4.383333333333334,1.6666666666666665,0.11666666666666714,4.246666666666667,1.0165300454665658
2026-06-13 04:19:00,3.6666666666666665,4.433333333333334,-1.6666666666666665,0.04999999999999982,4.336666666666668,0.7958224257560529
2026-06-13 04:20:00,2.0,3.966666666666667,-1.6666666666666665,-0.4666666666666668,4.24,1.2156388352552356
2026-06-13 04:21:00,3.6666666666666665,4.45,1.6666666666666665,0.4833333333333334,4.3,1.1785113019788243
2026-06-13 04:22:00,3.0,4.15,-0.6666666666666665,-0.2999999999999998,4.276666666666667,1.215638835255241
2026-06-13 04:23:00,3.333333333333333,4.516666666666667,0.33333333333333304,0.36666666666666625,4.303333333333333,0.6912147117797329
2026-06-13 04:24:00,3.0,4.566666666666666,-0.33333333333333304,0.04999999999999982,4.33,0.6236095644647034
2026-06-13 04:25:00,1.6666666666666667,4.2,-1.3333333333333333,-0.36666666666666625,4.376666666666667,0.7601169500680465
2026-06-13 04:26:00,3.0,4.433333333333334,1.3333333333333333,0.2333333333333334,4.373333333333333,0.6497862896562224
2026-06-13 04:27:00,2.0,4.316666666666666,-1.0,-0.11666666666666714,4.406666666666666,0.7226494462913607
2026-06-13 04:28:00,2.0,4.666666666666667,0.0,0.35000000000000053,4.4366666666666665,0.6236095644647301
2026-06-13 04:29:00,3.333333333333333,4.016666666666667,1.333333333333333,-0.6500000000000004,4.326666666666666,0.7226494462913676
2026-06-13 04:30:00,3.0,5.466666666666667,-0.33333333333333304,1.4500000000000002,4.58,0.6236095644647167
2026-06-13 04:31:00,3.6666666666666665,4.183333333333334,0.6666666666666665,-1.2833333333333332,4.53,0.7673909622166963
2026-06-13 04:32:00,4.0,4.55,0.3333333333333335,0.36666666666666625,4.576666666666666,0.7673909622166833
2026-06-13 04:33:00,3.333333333333333,5.15,-0.666666666666667,0.6000000000000005,4.673333333333334,0.3800584750369206
2026-06-13 04:34:00,3.6666666666666665,5.066666666666666,0.3333333333333335,-0.08333333333333393,4.883333333333334,0.3800584750369162
2026-06-13 04:35:00,5.0,5.416666666666667,1.3333333333333335,0.35000000000000053,4.873333333333333,0.6411794687246568
2026-06-13 04:36:00,4.666666666666667,5.433333333333334,-0.33333333333333304,0.016666666666666607,5.123333333333333,0.6912147117796973
2026-06-13 04:37:00,2.0,5.933333333333334,-2.666666666666667,0.5,5.4,1.187901978748265
2026-06-13 04:38:00,4.0,4.433333333333334,2.0,-1.5,5.256666666666667,1.1690451944512634
2026-06-13 04:39:00,3.333333333333333,4.4,-0.666666666666667,-0.033333333333333215,5.123333333333333,1.1925695880011158
2026-06-13 04:40:00,3.6666666666666665,4.433333333333334,0.3333333333333335,0.033333333333333215,4.926666666666667,0.9888264649475762
2026-06-13 04:41:00,3.0,4.75,-0.6666666666666665,0.31666666666666643,4.79,0.7673909622166838
2026-06-13 04:42:00,3.0,4.133333333333334,0.0,-0.6166666666666663,4.43,0.4346134936835691
2026-06-13 04:43:00,5.0,3.683333333333333,2.0,-0.4500000000000006,4.279999999999999,0.8299933065343525
2026-06-13 04:44:00,3.333333333333333,3.9166666666666665,-1.666666666666667,0.2333333333333334,4.183333333333334,0.8299933065343525
2026-06-13 04:45:00,4.666666666666667,3.8333333333333335,1.333333333333334,-0.08333333333333304,4.0633333333333335,0.9603240193940539
2026-06-13 04:46:00,3.6666666666666665,3.7,-1.0000000000000004,-0.1333333333333333,3.853333333333334,0.8628119403713458
2026-06-13 04:47:00,2.0,3.216666666666667,-1.6666666666666665,-0.4833333333333334,3.6700000000000004,1.1879019787482648
2026-06-13 04:48:00,2.333333333333333,3.5166666666666666,0.33333333333333304,0.2999999999999998,3.6366666666666667,1.0697871023934633
2026-06-13 04:49:00,6.0,3.25,3.666666666666667,-0.2666666666666666,3.503333333333333,1.6566364853061086
2026-06-13 04:50:00,5.0,2.816666666666667,-1.0,-0.4333333333333331,3.3,1.709450853995268
2026-06-13 04:51:00,3.333333333333333,3.6,-1.666666666666667,0.7833333333333332,3.2800000000000002,1.7224014243693595
2026-06-13 04:52:00,3.6666666666666665,3.683333333333333,0.3333333333333335,0.08333333333333304,3.3733333333333335,1.4414498873636548
2026-06-13 04:53:00,5.0,3.7,1.3333333333333335,0.01666666666666705,3.41,1.0903618155877333
2026-06-13 04:54:00,0.6666666666666666,3.4166666666666665,-4.333333333333333,-0.28333333333333366,3.443333333333333,1.773258143770214
2026-06-13 04:55:00,2.0,3.65,1.3333333333333335,0.2333333333333334,3.6100000000000003,1.65663648530612
2026-06-13 04:56:00,4.0,2.716666666666667,2.0,-0.9333333333333331,3.4333333333333336,1.7224014243693688
2026-06-13 04:57:00,4.333333333333333,3.75,0.33333333333333304,1.0333333333333332,3.4466666666666668,1.8043158136974005
2026-06-13 04:58:00,3.0,3.6,-1.333333333333333,-0.1499999999999999,3.4266666666666667,1.5018507101434988
2026-06-13 04:59:00,4.0,3.4833333333333334,1.0,-0.1166666666666667,3.44,0.9603240193940616
2026-06-13 05:00:00,3.0,3.25,-1.0,-0.2333333333333334,3.3600000000000003,0.6236095644646761
2026-06-13 05:01:00,3.0,3.6166666666666663,0.0,0.36666666666666625,3.54,0.6497862896561961
2026-06-13 05:02:00,3.333333333333333,3.55,0.33333333333333304,-0.06666666666666643,3.5,0.4346134936835745
2026-06-13 05:03:00,3.6666666666666665,3.5,0.3333333333333335,-0.04999999999999982,3.4799999999999995,0.43461349368356716
2026-06-13 05:04:00,1.3333333333333333,3.4166666666666665,-2.333333333333333,-0.08333333333333348,3.4666666666666663,0.9006170724087368
2026-06-13 05:05:00,2.333333333333333,4.1,0.9999999999999998,0.6833333333333331,3.6366666666666667,0.9249624617023843
2026-06-13 05:06:00,3.333333333333333,3.6166666666666663,1.0,-0.4833333333333334,3.636666666666666,0.9603240193940783
2026-06-13 05:07:00,3.6666666666666665,3.8333333333333335,0.3333333333333335,0.21666666666666723,3.693333333333333,1.0165300454665893
2026-06-13 05:08:00,2.0,3.9166666666666665,-1.6666666666666665,0.08333333333333304,3.7766666666666664,0.9603240193940848
2026-06-13 05:09:00,7.0,4.05,5.0,0.1333333333333333,3.9033333333333333,1.98606254796957
2026-06-13 05:10:00,3.0,4.233333333333333,-4.0,0.18333333333333357,3.9299999999999997,1.894436298451816
2026-06-13 05:11:00,3.0,4.35,0.0,0.11666666666666625,4.076666666666666,1.9206480387858211
2026-06-13 05:12:00,3.333333333333333,4.366666666666666,0.33333333333333304,0.016666666666666607,4.183333333333334,1.9293061504657985
2026-06-13 05:13:00,3.6666666666666665,3.533333333333333,0.3333333333333335,-0.833333333333333,4.1066666666666665,1.6996731711984538
2026-06-13 05:14:00,5.333333333333333,4.033333333333333,1.6666666666666665,0.5,4.1033333333333335,0.9718253158090601
2026-06-13 05:15:00,3.6666666666666665,4.366666666666666,-1.6666666666666665,0.33333333333333304,4.13,0.9006170724087124
2026-06-13 05:16:00,3.333333333333333,3.716666666666667,-0.3333333333333335,-0.6499999999999995,4.003333333333333,0.836660026535824
2026-06-13 05:17:00,3.333333333333333,3.8666666666666663,0.0,0.14999999999999947,3.9033333333333333,0.836660026535824
2026-06-13 05:18:00,2.333333333333333,3.4833333333333334,-1.0,-0.38333333333333286,3.8933333333333335,1.090361815587756
2026-06-13 05:19:00,3.333333333333333,4.183333333333334,1.0,0.7000000000000002,3.9233333333333333,0.5055250296063613
2026-06-13 05:20:00,2.333333333333333,3.7,-1.0,-0.4833333333333334,3.79,0.5477225575078766
2026-06-13 05:21:00,4.333333333333333,3.7666666666666666,2.0,0.06666666666666643,3.8,0.8366600265358444
2026-06-13 05:22:00,2.333333333333333,4.033333333333333,-2.0,0.2666666666666666,3.833333333333333,0.8944271910015756
2026-06-13 05:23:00,2.6666666666666665,3.45,0.3333333333333335,-0.583333333333333,3.8266666666666667,0.8498365856005425
2026-06-13 05:24:00,1.6666666666666667,3.683333333333333,-0.9999999999999998,0.23333333333333295,3.7266666666666666,1.0000000000014906
2026-06-13 05:25:00,3.333333333333333,3.45,1.6666666666666663,-0.23333333333333295,3.6766666666666667,1.016530045466589
2026-06-13 05:26:00,4.333333333333333,3.8666666666666663,1.0,0.4166666666666661,3.6966666666666668,1.016530045466589
2026-06-13 05:27:00,1.0,3.4166666666666665,-3.333333333333333,-0.44999999999999973,3.5733333333333333,1.3207741837450597
2026-06-13 05:28:00,4.666666666666667,3.95,3.666666666666667,0.5333333333333337,3.6733333333333333,1.6158932858063608
2026-06-13 05:29:00,3.333333333333333,3.4833333333333334,-1.333333333333334,-0.4666666666666668,3.6333333333333337,1.433720877841467
2026-06-13 05:30:00,3.0,3.816666666666667,-0.33333333333333304,0.3333333333333335,3.706666666666666,1.4414498873636683
2026-06-13 05:31:00,4.0,4.483333333333333,1.0,0.6666666666666665,3.8299999999999996,1.3864422895400947
2026-06-13 05:32:00,4.0,4.15,0.0,-0.33333333333333304,3.9766666666666666,0.6497862896561862
2026-06-13 05:33:00,4.333333333333333,3.8,0.33333333333333304,-0.35000000000000053,3.9466666666666668,0.5477225575078442
2026-06-13 05:34:00,3.6666666666666665,4.316666666666666,-0.6666666666666665,0.5166666666666666,4.113333333333333,0.5055250296063353
2026-06-13 05:35:00,3.333333333333333,4.233333333333333,-0.3333333333333335,-0.08333333333333304,4.196666666666667,0.38005847503689777
2026-06-13 05:36:00,4.666666666666667,4.1,1.333333333333334,-0.13333333333333375,4.119999999999999,0.5270462766975019
2026-06-13 05:37:00,3.6666666666666665,3.683333333333333,-1.0000000000000004,-0.4166666666666665,4.026666666666666,0.5477225575078363
2026-06-13 05:38:00,5.333333333333333,4.5,1.6666666666666665,0.8166666666666669,4.166666666666666,0.8366600265358183
2026-06-13 05:39:00,3.333333333333333,4.8,-2.0,0.2999999999999998,4.263333333333334,0.8944271910015477
2026-06-13 05:40:00,3.333333333333333,4.083333333333333,0.0,-0.7166666666666668,4.233333333333333,0.8944271910015477
2026-06-13 05:41:00,4.333333333333333,3.85,1.0,-0.23333333333333295,4.183333333333334,0.8498365856005163
2026-06-13 05:42:00,6.0,4.65,1.666666666666667,0.8000000000000003,4.376666666666667,1.1925695880011045
2026-06-13 05:43:00,6.0,5.466666666666667,0.0,0.8166666666666664,4.57,1.3416407865009532
2026-06-13 05:44:00,4.666666666666667,5.666666666666667,-1.333333333333333,0.20000000000000018,4.743333333333333,1.145037602489104
2026-06-13 05:45:00,4.666666666666667,5.883333333333334,0.0,0.21666666666666679,5.1033333333333335,0.8027729719212756
2026-06-13 05:46:00,2.6666666666666665,5.4,-2.0000000000000004,-0.4833333333333334,5.413333333333333,1.366260102129003
2026-06-13 05:47:00,4.333333333333333,4.933333333333334,1.6666666666666665,-0.4666666666666668,5.470000000000001,1.1925695880011047
2026-06-13 05:48:00,4.666666666666667,5.583333333333333,0.3333333333333339,0.6499999999999995,5.493333333333333,0.8692269873620293
2026-06-13 05:49:00,3.0,5.233333333333333,-1.666666666666667,-0.34999999999999964,5.406666666666667,0.9603240193940537
2026-06-13 05:50:00,2.6666666666666665,4.966666666666667,-0.3333333333333335,-0.2666666666666666,5.223333333333334,0.9603240193940626
2026-06-13 05:51:00,5.0,5.116666666666666,2.3333333333333335,0.14999999999999947,5.166666666666666,1.038160766827905
2026-06-13 05:52:00,4.0,5.066666666666666,-1.0,-0.04999999999999982,5.193333333333333,1.0165300454665676
2026-06-13 05:53:00,2.6666666666666665,5.25,-1.3333333333333335,0.18333333333333357,5.126666666666667,1.0165300454665762
2026-06-13 05:54:00,4.333333333333333,6.183333333333334,1.6666666666666665,0.9333333333333336,5.316666666666666,1.038160766827909
2026-06-13 05:55:00,5.0,7.0,0.666666666666667,0.8166666666666664,5.723333333333334,0.9603240193940462
2026-06-13 05:56:00,6.333333333333333,7.433333333333334,1.333333333333333,0.43333333333333357,6.1866666666666665,1.345775282546835
2026-06-13 05:57:00,4.0,7.883333333333334,-2.333333333333333,0.4500000000000002,6.75,1.345775282546835
2026-06-13 05:58:00,2.333333333333333,8.333333333333334,-1.666666666666667,0.4500000000000002,7.366666666666667,1.4605934866814376
2026-06-13 05:59:00,3.0,7.866666666666666,0.666666666666667,-0.4666666666666677,7.703333333333333,1.5916448515093593
2026-06-13 06:00:00,4.0,7.366666666666666,1.0,-0.5,7.776666666666666,1.5165750888112748
2026-06-13 06:01:00,4.0,7.15,0.0,-0.2166666666666659,7.720000000000001,0.7673909622166757
2026-06-13 06:02:00,5.0,6.883333333333334,1.0,-0.2666666666666666,7.5200000000000005,1.0274023338295926
2026-06-13 06:03:00,3.0,7.133333333333334,-2.0,0.25,7.279999999999999,0.8366600265358279
2026-06-13 06:04:00,2.0,6.516666666666667,-1.0,-0.6166666666666671,7.01,1.1401754251004275
2026-06-13 06:05:00,3.333333333333333,5.933333333333334,1.333333333333333,-0.583333333333333,6.723333333333334,1.1205157542660888
2026-06-13 06:06:00,6.0,6.016666666666667,2.666666666666667,0.08333333333333304,6.496666666666667,1.6090024514871997
2026-06-13 06:07:00,4.333333333333333,5.433333333333334,-1.666666666666667,-0.583333333333333,6.206666666666667,1.516575088811278
2026-06-13 06:08:00,4.0,5.666666666666667,-0.33333333333333304,0.2333333333333334,5.913333333333333,1.460593486681445
2026-06-13 06:09:00,4.666666666666667,5.55,0.666666666666667,-0.11666666666666714,5.720000000000001,0.9888264649475569
2026-06-13 06:10:00,4.333333333333333,5.333333333333333,-0.3333333333333339,-0.21666666666666679,5.6,0.7817359599724236
2026-06-13 06:11:00,5.666666666666667,5.416666666666667,1.333333333333334,0.08333333333333393,5.4799999999999995,0.6411794687246384
2026-06-13 06:12:00,7.333333333333333,5.333333333333333,1.666666666666666,-0.08333333333333393,5.46,1.3457752825468237
2026-06-13 06:13:00,3.333333333333333,5.366666666666666,-4.0,0.033333333333333215,5.4,1.516575088811259
2026-06-13 06:14:00,5.0,5.933333333333334,1.666666666666667,0.5666666666666673,5.476666666666667,1.501850710143465
2026-06-13 06:15:00,3.0,5.6,-2.0,-0.3333333333333339,5.529999999999999,1.7732581437701986
2026-06-13 06:16:00,4.333333333333333,5.583333333333333,1.333333333333333,-0.016666666666666607,5.5633333333333335,1.7224014243693493
2026-06-13 06:17:00,4.0,5.283333333333333,-0.33333333333333304,-0.2999999999999998,5.553333333333333,0.7958224257560593
2026-06-13 06:18:00,2.6666666666666665,5.333333333333333,-1.3333333333333335,0.04999999999999982,5.546666666666666,0.9603240193940549
2026-06-13 06:19:00,6.0,5.616666666666666,3.3333333333333335,0.2833333333333332,5.4833333333333325,1.3123346456697487
2026-06-13 06:20:00,7.666666666666667,5.683333333333334,1.666666666666667,0.06666666666666732,5.5,1.935056703160744
2026-06-13 06:21:00,4.0,4.883333333333334,-3.666666666666667,-0.7999999999999998,5.36,1.9663841605010839
2026-06-13 06:22:00,2.0,5.066666666666666,-2.0,0.18333333333333268,5.316666666666666,2.3523038352509307
2026-06-13 06:23:00,2.333333333333333,5.483333333333333,0.33333333333333304,0.41666666666666696,5.346666666666667,2.419825521718139
2026-06-13 06:24:00,3.6666666666666665,4.766666666666667,1.3333333333333335,-0.7166666666666668,5.176666666666667,2.253392504154726
2026-06-13 06:25:00,6.0,4.616666666666666,2.3333333333333335,-0.15000000000000036,4.963333333333333,1.5881505666104727
2026-06-13 06:26:00,3.0,5.533333333333333,-3.0,0.916666666666667,5.093333333333333,1.5881505666104756
2026-06-13 06:27:00,3.6666666666666665,5.416666666666667,0.6666666666666665,-0.11666666666666625,5.163333333333333,1.3824294235562438
2026-06-13 06:28:00,2.6666666666666665,5.45,-1.0,0.033333333333333215,5.156666666666666,1.3038404810416548
2026-06-13 06:29:00,3.0,5.183333333333334,0.3333333333333335,-0.2666666666666666,5.24,1.3540064007737456
2026-06-13 06:30:00,2.0,5.8,-1.0,0.6166666666666663,5.476666666666667,0.6055300708219558
2026-06-13 06:31:00,3.333333333333333,5.383333333333334,1.333333333333333,-0.4166666666666661,5.446666666666667,0.6411794687246966
2026-06-13 06:32:00,3.0,5.633333333333334,-0.33333333333333304,0.25,5.49,0.5055250296063833
2026-06-13 06:33:00,2.333333333333333,5.383333333333334,-0.666666666666667,-0.25,5.4766666666666675,0.5477225575078886
2026-06-13 06:34:00,3.6666666666666665,5.333333333333333,1.3333333333333335,-0.05000000000000071,5.506666666666667,0.6912147117797436
2026-06-13 06:35:00,5.0,5.05,1.3333333333333335,-0.2833333333333332,5.356666666666667,0.9888264649475794
2026-06-13 06:36:00,3.333333333333333,4.4,-1.666666666666667,-0.6499999999999995,5.16,0.9888264649475794
2026-06-13 06:37:00,5.0,4.416666666666667,1.666666666666667,0.016666666666666607,4.916666666666666,1.1450376024891242
2026-06-13 06:38:00,4.0,5.166666666666667,-1.0,0.75,4.873333333333333,0.7673909622166551
2026-06-13 06:39:00,4.333333333333333,5.05,0.33333333333333304,-0.11666666666666714,4.816666666666667,0.7071067811886043
2026-06-13 06:40:00,2.333333333333333,4.866666666666666,-2.0,-0.18333333333333357,4.779999999999999,1.0165300454665707
2026-06-13 06:41:00,4.666666666666667,4.8,2.333333333333334,-0.06666666666666643,4.86,1.0381607668279031
2026-06-13 06:42:00,4.666666666666667,5.6,0.0,0.7999999999999998,5.096666666666667,0.9718253158090551
2026-06-13 06:43:00,3.6666666666666665,4.833333333333333,-1.0000000000000004,-0.7666666666666666,5.029999999999999,0.9831920802516644
2026-06-13 06:44:00,5.0,6.416666666666667,1.3333333333333335,1.583333333333334,5.303333333333333,1.0903618155877484
2026-06-13 06:45:00,2.0,6.1,-3.0,-0.3166666666666673,5.55,1.2247448713927833
2026-06-13 06:46:00,3.333333333333333,6.766666666666667,1.333333333333333,0.666666666666667,5.943333333333333,1.1879019787482674
2026-06-13 06:47:00,6.0,7.216666666666667,2.666666666666667,0.4500000000000002,6.2666666666666675,1.5456030825835636
2026-06-13 06:48:00,5.333333333333333,8.533333333333333,-0.666666666666667,1.3166666666666664,7.006666666666666,1.6329931618563427
2026-06-13 06:49:00,5.666666666666667,9.366666666666667,0.3333333333333339,0.8333333333333339,7.596666666666667,1.7256238807401456
2026-06-13 06:50:00,4.666666666666667,10.766666666666667,-1.0,1.4000000000000004,8.53,1.0540925533908239
2026-06-13 06:51:00,11.666666666666666,13.3,6.999999999999999,2.533333333333333,9.836666666666668,2.8382310609882255
2026-06-13 06:52:00,18.0,14.866666666666667,6.333333333333334,1.5666666666666664,11.366666666666667,5.73197658365404
2026-06-13 06:53:00,8.0,15.283333333333331,-10.0,0.4166666666666643,12.716666666666667,5.4129474410899885
2026-06-13 06:54:00,8.333333333333334,14.85,0.3333333333333339,-0.4333333333333318,13.813333333333333,5.047551661724762
2026-06-13 06:55:00,5.333333333333333,13.983333333333333,-3.000000000000001,-0.8666666666666671,14.456666666666667,4.8728271510948415
2026-06-13 06:56:00,4.333333333333333,14.333333333333334,-1.0,0.3500000000000014,14.663333333333332,5.419102016632402
2026-06-13 06:57:00,3.0,12.633333333333333,-1.333333333333333,-1.700000000000001,14.216666666666665,2.316606713853152
2026-06-13 06:58:00,4.333333333333333,12.266666666666667,1.333333333333333,-0.36666666666666536,13.613333333333333,2.0055478608662245
2026-06-13 06:59:00,1.0,11.416666666666666,-3.333333333333333,-0.8500000000000014,12.926666666666668,1.6733200530690275
2026-06-13 07:00:00,6.0,10.316666666666666,5.0,-1.0999999999999996,12.193333333333333,1.8618986725033118
2026-06-13 07:01:00,4.333333333333333,10.233333333333333,-1.666666666666667,-0.08333333333333393,11.373333333333333,1.8618986725033118
2026-06-13 07:02:00,4.0,10.216666666666669,-0.33333333333333304,-0.016666666666663943,10.89,1.8165902124592983
2026-06-13 07:03:00,4.0,9.3,0.0,-0.9166666666666679,10.296666666666667,1.8043158136973907
2026-06-13 07:04:00,2.333333333333333,9.833333333333334,-1.666666666666667,0.5333333333333332,9.98,1.3038404810416455
2026-06-13 07:05:00,5.0,10.95,2.666666666666667,1.1166666666666654,10.106666666666666,0.9831920802516597
2026-06-13 07:06:00,5.666666666666667,12.633333333333333,0.666666666666667,1.6833333333333336,10.586666666666668,1.2605113600804223
2026-06-13 07:07:00,5.666666666666667,13.25,0.0,0.6166666666666671,11.193333333333333,1.4063348739829606
2026-06-13 07:08:00,5.333333333333333,13.383333333333333,-0.3333333333333339,0.13333333333333286,12.01,1.4063348739829562
2026-06-13 07:09:00,5.333333333333333,13.883333333333333,0.0,0.5,12.819999999999999,0.2788866755164702
2026-06-13 07:10:00,5.0,13.85,-0.33333333333333304,-0.033333333333333215,13.4,0.2788866755164702
2026-06-13 07:11:00,7.333333333333333,15.483333333333333,2.333333333333333,1.6333333333333329,13.969999999999999,0.9249624617023064
2026-06-13 07:12:00,5.333333333333333,13.483333333333333,-2.0,-2.0,14.016666666666666,0.9428090415835686
2026-06-13 07:13:00,2.0,12.45,-3.333333333333333,-1.0333333333333332,13.829999999999998,1.9148542155134254
2026-06-13 07:14:00,4.333333333333333,12.266666666666667,2.333333333333333,-0.1833333333333318,13.506666666666666,1.9235384061678826
2026-06-13 07:15:00,3.0,11.0,-1.333333333333333,-1.2666666666666675,12.936666666666667,2.0736441353334705
2026-06-13 07:16:00,5.666666666666667,10.183333333333334,2.666666666666667,-0.8166666666666664,11.876666666666667,1.55277529318122
2026-06-13 07:17:00,6.0,9.35,0.33333333333333304,-0.8333333333333339,11.05,1.7094508539952615
2026-06-13 07:18:00,2.333333333333333,8.533333333333333,-3.666666666666667,-0.8166666666666664,10.266666666666667,1.605545943839877
2026-06-13 07:19:00,3.6666666666666665,8.616666666666667,1.3333333333333335,0.08333333333333393,9.536666666666665,1.6261747890209568
2026-06-13 07:20:00,4.333333333333333,8.8,0.6666666666666665,0.18333333333333357,9.096666666666668,1.4981470036172488
2026-06-13 07:21:00,2.333333333333333,9.033333333333331,-2.0,0.23333333333333073,8.866666666666665,1.5347819244304652
2026-06-13 07:22:00,2.0,8.416666666666666,-0.33333333333333304,-0.6166666666666654,8.68,1.0110500592083391
2026-06-13 07:23:00,6.333333333333333,8.65,4.333333333333333,0.23333333333333428,8.703333333333333,1.738453974721548
2026-06-13 07:24:00,3.0,8.183333333333334,-3.333333333333333,-0.4666666666666668,8.616666666666665,1.7701224063143954
2026-06-13 07:25:00,3.333333333333333,8.983333333333333,0.33333333333333304,0.7999999999999989,8.653333333333332,1.7224014243693624
2026-06-13 07:26:00,6.0,7.166666666666667,2.666666666666667,-1.8166666666666655,8.280000000000001,1.9235384061678902
2026-06-13 07:27:00,1.6666666666666667,7.366666666666666,-4.333333333333333,0.1999999999999993,8.069999999999999,2.019350830782182
2026-06-13 07:28:00,4.0,7.333333333333333,2.333333333333333,-0.033333333333333215,7.806666666666667,1.5881505666104696
2026-06-13 07:29:00,1.3333333333333333,7.466666666666667,-2.666666666666667,0.13333333333333375,7.663333333333332,1.891501461215594
2026-06-13 07:30:00,5.333333333333333,7.066666666666666,4.0,-0.40000000000000036,7.279999999999999,2.1081851067796142
2026-06-13 07:31:00,5.333333333333333,7.333333333333333,0.0,0.2666666666666666,7.313333333333333,1.937925580500575
2026-06-13 07:32:00,4.333333333333333,6.4,-1.0,-0.9333333333333327,7.12,1.6397831835007333
2026-06-13 07:33:00,6.333333333333333,5.583333333333333,2.0,-0.8166666666666673,6.7700000000000005,1.9235384061678853
2026-06-13 07:34:00,2.333333333333333,6.433333333333334,-4.0,0.8500000000000005,6.563333333333333,1.5165750888112595
2026-06-13 07:35:00,3.6666666666666665,5.733333333333333,1.3333333333333335,-0.7000000000000002,6.296666666666667,1.534781924430455
2026-06-13 07:36:00,3.6666666666666665,5.55,0.0,-0.18333333333333357,5.9399999999999995,1.4605934866814396
2026-06-13 07:37:00,5.666666666666667,5.116666666666666,2.0000000000000004,-0.43333333333333357,5.683333333333333,1.6329931618563396
2026-06-13 07:38:00,3.6666666666666665,6.133333333333334,-2.0000000000000004,1.0166666666666675,5.793333333333333,1.192569588001114
2026-06-13 07:39:00,4.333333333333333,6.116666666666666,0.6666666666666665,-0.016666666666667496,5.7299999999999995,0.8692269873620242
2026-06-13 07:40:00,2.6666666666666665,5.55,-1.6666666666666665,-0.5666666666666664,5.693333333333333,1.1055415967864517
2026-06-13 07:41:00,3.333333333333333,5.7,0.6666666666666665,0.15000000000000036,5.723333333333334,1.140175425100418
2026-06-13 07:42:00,2.6666666666666665,5.35,-0.6666666666666665,-0.35000000000000053,5.7700000000000005,0.7071067811886321
2026-06-13 07:43:00,4.0,5.7,1.3333333333333335,0.35000000000000053,5.683333333333334,0.760116950068029
2026-06-13 07:44:00,4.0,5.133333333333334,0.0,-0.5666666666666664,5.486666666666666,0.6666666666688777
2026-06-13 07:45:00,4.0,5.25,0.0,0.11666666666666625,5.426666666666667,0.5962847940024046
2026-06-13 07:46:00,2.6666666666666665,5.283333333333333,-1.3333333333333335,0.033333333333333215,5.343333333333334,0.7302967433422353
2026-06-13 07:47:00,2.6666666666666665,5.466666666666667,0.0,0.18333333333333357,5.366666666666666,0.7302967433422353
2026-06-13 07:48:00,5.333333333333333,5.816666666666666,2.6666666666666665,0.34999999999999964,5.39,1.1155467020467462
2026-06-13 07:49:00,2.0,5.5,-3.333333333333333,-0.31666666666666643,5.463333333333333,1.3333333333344388
2026-06-13 07:50:00,4.666666666666667,4.9,2.666666666666667,-0.5999999999999996,5.3933333333333335,1.4452988925796042
2026-06-13 07:51:00,3.6666666666666665,5.033333333333333,-1.0000000000000004,0.13333333333333286,5.343333333333334,1.3743685418736198
2026-06-13 07:52:00,2.6666666666666665,5.316666666666666,-1.0,0.2833333333333332,5.3133333333333335,1.3743685418736198
2026-06-13 07:53:00,3.6666666666666665,4.55,1.0,-0.7666666666666666,5.0600000000000005,1.0274023338295974
2026-06-13 07:54:00,3.0,5.333333333333333,-0.6666666666666665,0.7833333333333332,5.026666666666666,0.7673909622166701
2026-06-13 07:55:00,2.0,5.616666666666666,-1.0,0.2833333333333332,5.17,0.7071067811886441
2026-06-13 07:56:00,3.6666666666666665,4.883333333333334,1.6666666666666665,-0.7333333333333325,5.14,0.7071067811886441
2026-06-13 07:57:00,3.0,5.05,-0.6666666666666665,0.16666666666666607,5.086666666666667,0.6831300510661409
2026-06-13 07:58:00,6.333333333333333,5.166666666666667,3.333333333333333,0.11666666666666714,5.209999999999999,1.6397831835007406
2026-06-13 07:59:00,5.666666666666667,4.883333333333334,-0.6666666666666661,-0.2833333333333332,5.12,1.8196458751949565
2026-06-13 08:00:00,4.333333333333333,4.833333333333333,-1.333333333333334,-0.05000000000000071,4.963333333333333,1.382429423556225
2026-06-13 08:01:00,2.0,4.733333333333333,-2.333333333333333,-0.09999999999999964,4.933333333333334,1.8012341448149782
2026-06-13 08:02:00,4.666666666666667,5.033333333333333,2.666666666666667,0.2999999999999998,4.93,1.6566364853060944
2026-06-13 08:03:00,3.6666666666666665,4.733333333333333,-1.0000000000000004,-0.2999999999999998,4.843333333333334,1.3621877827812388
2026-06-13 08:04:00,2.333333333333333,4.883333333333334,-1.3333333333333335,0.15000000000000036,4.843333333333333,1.1879019787482705
2026-06-13 08:05:00,4.333333333333333,4.883333333333334,2.0,0.0,4.8533333333333335,1.1879019787482705
2026-06-13 08:06:00,2.0,4.383333333333334,-2.333333333333333,-0.5,4.783333333333333,1.1879019787482705
2026-06-13 08:07:00,3.6666666666666665,4.5,1.6666666666666665,0.11666666666666625,4.676666666666668,0.9888264649475826
2026-06-13 08:08:00,3.333333333333333,4.666666666666667,-0.3333333333333335,0.16666666666666696,4.663333333333334,0.9603240193940692
2026-06-13 08:09:00,5.333333333333333,4.3,2.0,-0.36666666666666714,4.546666666666667,1.23378370155597
2026-06-13 08:10:00,7.0,4.0,1.666666666666667,-0.2999999999999998,4.37,1.935056703160749
2026-06-13 08:11:00,3.0,4.716666666666667,-4.0,0.7166666666666668,4.4366666666666665,1.676636845328768
2026-06-13 08:12:00,3.6666666666666665,4.35,0.6666666666666665,-0.36666666666666714,4.406666666666666,1.676636845328768
2026-06-13 08:13:00,4.0,4.55,0.3333333333333335,0.20000000000000018,4.383333333333334,1.5881505666104545
2026-06-13 08:14:00,3.333333333333333,4.566666666666666,-0.666666666666667,0.016666666666666607,4.4366666666666665,1.6090024514871923
2026-06-13 08:15:00,3.0,4.566666666666666,-0.33333333333333304,0.0,4.55,0.43461349368356494
2026-06-13 08:16:00,2.0,3.933333333333333,-1.0,-0.6333333333333333,4.393333333333333,0.7673909622166813
2026-06-13 08:17:00,2.0,4.083333333333333,0.0,0.1499999999999999,4.34,0.8692269873620624
2026-06-13 08:18:00,1.6666666666666667,4.433333333333334,-0.33333333333333326,0.35000000000000053,4.316666666666666,0.7226494462913652
2026-06-13 08:19:00,3.0,4.183333333333334,1.3333333333333333,-0.25,4.24,0.6236095644647273
2026-06-13 08:20:00,5.0,4.916666666666667,2.0,0.7333333333333334,4.3100000000000005,1.362187782781263
2026-06-13 08:21:00,11.666666666666666,5.566666666666666,6.666666666666666,0.6499999999999995,4.636666666666667,4.12310562561801
2026-06-13 08:22:00,7.666666666666667,6.766666666666667,-3.999999999999999,1.2000000000000002,5.173333333333334,3.9832984656775956
2026-06-13 08:23:00,8.666666666666666,6.65,0.9999999999999991,-0.11666666666666625,5.616666666666667,3.346640106136713
2026-06-13 08:24:00,9.0,7.816666666666666,0.3333333333333339,1.166666666666666,6.343333333333334,2.408318915759017
2026-06-13 08:25:00,6.0,8.8,-3.0,0.9833333333333343,7.12,2.0736441353334176
2026-06-13 08:26:00,6.666666666666667,9.633333333333333,0.666666666666667,0.8333333333333321,7.933333333333333,1.2780193008464542
2026-06-13 08:27:00,7.0,10.7,0.33333333333333304,1.0666666666666664,8.72,1.3038404810415776
2026-06-13 08:28:00,5.666666666666667,9.933333333333334,-1.333333333333333,-0.7666666666666657,9.376666666666667,1.3038404810415887
2026-06-13 08:29:00,4.0,9.966666666666669,-1.666666666666667,0.03333333333333499,9.806666666666667,1.1690451944512135
2026-06-13 08:30:00,6.666666666666667,8.566666666666666,2.666666666666667,-1.4000000000000021,9.760000000000002,1.2247448713927331
2026-06-13 08:31:00,6.0,8.4,-0.666666666666667,-0.16666666666666607,9.513333333333334,1.1690451944512135
2026-06-13 08:32:00,3.333333333333333,8.55,-2.666666666666667,0.15000000000000036,9.083333333333334,1.4063348739829435
2026-06-13 08:33:00,5.0,7.65,1.666666666666667,-0.9000000000000004,8.626666666666669,1.3743685418735905
2026-06-13 08:34:00,3.333333333333333,7.516666666666667,-1.666666666666667,-0.13333333333333375,8.136666666666667,1.5202339001331235
2026-06-13 08:35:00,2.0,6.683333333333334,-1.333333333333333,-0.833333333333333,7.76,1.5705625319195573
2026-06-13 08:36:00,4.333333333333333,6.75,2.333333333333333,0.06666666666666643,7.43,1.1401754251004186
2026-06-13 08:37:00,3.333333333333333,5.95,-1.0,-0.7999999999999998,6.909999999999999,1.1401754251004186
2026-06-13 08:38:00,5.0,5.6,1.666666666666667,-0.35000000000000053,6.5,1.1401754251004186
2026-06-13 08:39:00,5.666666666666667,5.483333333333333,0.666666666666667,-0.11666666666666625,6.093333333333333,1.4414498873636483
2026-06-13 08:40:00,3.6666666666666665,5.566666666666666,-2.0000000000000004,0.08333333333333304,5.869999999999999,0.9545214042199323
2026-06-13 08:41:00,2.333333333333333,5.416666666666667,-1.3333333333333335,-0.14999999999999947,5.6033333333333335,1.333333333334421
2026-06-13 08:42:00,3.0,6.466666666666667,0.666666666666667,1.0499999999999998,5.706666666666666,1.3824294235562318
2026-06-13 08:43:00,4.666666666666667,6.533333333333333,1.666666666666667,0.06666666666666643,5.893333333333333,1.3249737942912165
2026-06-13 08:44:00,2.6666666666666665,7.016666666666667,-2.0000000000000004,0.4833333333333334,6.2,0.9249624617023624
2026-06-13 08:45:00,6.333333333333333,7.566666666666666,3.6666666666666665,0.5499999999999998,6.6,1.6766368453287734
2026-06-13 08:46:00,6.0,8.466666666666667,-0.33333333333333304,0.9000000000000004,7.209999999999999,1.676636845328762
2026-06-13 08:47:00,4.0,8.266666666666667,-2.0,-0.1999999999999993,7.57,1.4981470036172368
2026-06-13 08:48:00,3.6666666666666665,8.683333333333334,-0.3333333333333335,0.4166666666666661,8.0,1.5740958604165916
2026-06-13 08:49:00,4.333333333333333,8.466666666666667,0.6666666666666665,-0.21666666666666679,8.290000000000001,1.2156388352552052
2026-06-13 08:50:00,2.333333333333333,8.066666666666666,-2.0,-0.40000000000000036,8.39,1.3207741837450269
2026-06-13 08:51:00,3.0,7.75,0.666666666666667,-0.31666666666666643,8.246666666666666,0.8027729719213106
2026-06-13 08:52:00,4.666666666666667,7.183333333333334,1.666666666666667,-0.5666666666666664,8.03,0.9545214042199542
2026-06-13 08:53:00,3.0,7.916666666666667,-1.666666666666667,0.7333333333333334,7.876666666666667,0.9888264649475694
2026-06-13 08:54:00,2.333333333333333,7.516666666666667,-0.666666666666667,-0.40000000000000036,7.686666666666667,0.954521404219969
2026-06-13 08:55:00,3.333333333333333,7.333333333333333,1.0,-0.18333333333333357,7.540000000000001,0.8628119403713558
2026-06-13 08:56:00,3.333333333333333,6.883333333333334,0.0,-0.4499999999999993,7.366666666666667,0.8498365856005249
2026-06-13 08:57:00,3.0,6.133333333333334,-0.33333333333333304,-0.75,7.156666666666666,0.40824829046748
2026-06-13 08:58:00,4.0,5.683333333333334,1.0,-0.4500000000000002,6.709999999999999,0.6055300708219282
2026-06-13 08:59:00,5.0,5.783333333333333,1.0,0.09999999999999964,6.363333333333333,0.7958224257560524
2026-06-13 09:00:00,5.0,5.633333333333334,0.0,-0.14999999999999947,6.023333333333333,0.9249624617023396
2026-06-13 09:01:00,1.3333333333333333,5.483333333333333,-3.666666666666667,-0.15000000000000036,5.743333333333334,1.5456030825835612
2026-06-13 09:02:00,3.0,5.5,1.6666666666666667,0.016666666666666607,5.616666666666666,1.5456030825835612
2026-06-13 09:03:00,2.6666666666666665,5.083333333333333,-0.3333333333333335,-0.41666666666666696,5.496666666666667,1.5881505666104692
2026-06-13 09:04:00,2.0,5.4,-0.6666666666666665,0.3166666666666673,5.42,1.386442289540097
2026-06-13 09:05:00,1.3333333333333333,5.833333333333333,-0.6666666666666667,0.4333333333333327,5.46,0.760116950068067
2026-06-13 09:06:00,5.0,5.266666666666667,3.666666666666667,-0.5666666666666664,5.416666666666667,1.386442289540097
2026-06-13 09:07:00,4.0,5.266666666666667,-1.0,0.0,5.37,1.4907119850008503
2026-06-13 09:08:00,3.333333333333333,5.166666666666667,-0.666666666666667,-0.09999999999999964,5.386666666666666,1.4832396974201258
2026-06-13 09:09:00,2.333333333333333,5.333333333333333,-1.0,0.16666666666666607,5.373333333333333,1.4259499757481944
2026-06-13 09:10:00,3.0,5.283333333333333,0.666666666666667,-0.04999999999999982,5.263333333333334,1.016530045466566
2026-06-13 09:11:00,3.333333333333333,5.683333333333334,0.33333333333333304,0.40000000000000036,5.346666666666666,0.6055300708219284
2026-06-13 09:12:00,3.0,5.35,-0.33333333333333304,-0.3333333333333339,5.363333333333333,0.40824829046748035
2026-06-13 09:13:00,5.0,5.933333333333334,2.0,0.5833333333333339,5.516666666666667,1.000000000001468
2026-06-13 09:14:00,4.0,5.966666666666667,-1.0,0.033333333333333215,5.643333333333333,0.8498365856005146
2026-06-13 09:15:00,4.0,6.433333333333334,0.0,0.4666666666666668,5.873333333333333,0.7673909622166505
2026-06-13 09:16:00,2.0,5.85,-2.0,-0.5833333333333339,5.906666666666667,1.1401754251004192
2026-06-13 09:17:00,3.333333333333333,6.333333333333333,1.333333333333333,0.4833333333333334,6.1033333333333335,1.1055415967864533
2026-06-13 09:18:00,3.0,6.366666666666666,-0.33333333333333304,0.033333333333333215,6.1899999999999995,0.829993306534353
2026-06-13 09:19:00,3.0,6.166666666666667,0.0,-0.1999999999999993,6.2299999999999995,0.7226494462913345
2026-06-13 09:20:00,5.0,6.616666666666666,2.0,0.4499999999999993,6.266666666666667,1.0903618155877564
2026-06-13 09:21:00,2.333333333333333,5.183333333333334,-2.666666666666667,-1.4333333333333327,6.133333333333333,1.0000000000014682
2026-06-13 09:22:00,4.0,5.35,1.666666666666667,0.16666666666666607,5.9366666666666665,1.0434983895013055
2026-06-13 09:23:00,4.666666666666667,5.2,0.666666666666667,-0.14999999999999947,5.703333333333333,1.1205157542660735
2026-06-13 09:24:00,3.6666666666666665,4.816666666666666,-1.0000000000000004,-0.38333333333333375,5.433333333333334,1.0381607668278947
2026-06-13 09:25:00,2.333333333333333,5.1,-1.3333333333333335,0.2833333333333332,5.13,1.0381607668279085
2026-06-13 09:26:00,2.333333333333333,5.283333333333333,0.0,0.18333333333333357,5.15,1.0381607668279085
2026-06-13 09:27:00,3.0,4.716666666666667,0.666666666666667,-0.5666666666666664,5.023333333333333,0.9888264649475769
2026-06-13 09:28:00,5.0,4.6,2.0,-0.11666666666666714,4.903333333333333,1.1155467020467518
2026-06-13 09:29:00,3.6666666666666665,4.816666666666666,-1.3333333333333335,0.21666666666666679,4.903333333333333,1.1155467020467518
2026-06-13 09:30:00,3.6666666666666665,4.666666666666667,0.0,-0.14999999999999947,4.816666666666666,0.9888264649475678
2026-06-13 09:31:00,4.333333333333333,5.05,0.6666666666666665,0.38333333333333286,4.7700000000000005,0.7601169500680024
2026-06-13 09:32:00,4.333333333333333,4.433333333333334,0.0,-0.6166666666666663,4.713333333333333,0.557773351025308
2026-06-13 09:33:00,3.6666666666666665,4.816666666666666,-0.6666666666666665,0.38333333333333286,4.756666666666666,0.3651483716740873
2026-06-13 09:34:00,4.666666666666667,4.466666666666667,1.0000000000000004,-0.34999999999999964,4.6866666666666665,0.44721359550319334
2026-06-13 09:35:00,4.333333333333333,4.883333333333334,-0.3333333333333339,0.41666666666666696,4.7299999999999995,0.3651483716740637
2026-06-13 09:36:00,5.0,5.05,0.666666666666667,0.16666666666666607,4.73,0.4944132324759567
2026-06-13 09:37:00,3.6666666666666665,4.933333333333334,-1.3333333333333335,-0.11666666666666625,4.83,0.5962847940023647
2026-06-13 09:38:00,5.0,6.4,1.3333333333333335,1.4666666666666668,5.1466666666666665,0.5577733510252927
2026-06-13 09:39:00,3.333333333333333,6.55,-1.666666666666667,0.14999999999999947,5.5633333333333335,0.7601169500679907
2026-06-13 09:40:00,3.6666666666666665,7.0,0.3333333333333335,0.4500000000000002,5.986666666666666,0.8027729719212884
2026-06-13 09:41:00,6.0,5.95,2.3333333333333335,-1.0499999999999998,6.166666666666667,1.1303883305221532
2026-06-13 09:42:00,5.0,6.55,-1.0,0.5999999999999996,6.49,1.0903618155877242
2026-06-13 09:43:00,3.6666666666666665,5.75,-1.3333333333333335,-0.7999999999999998,6.36,1.1303883305221532
2026-06-13 09:44:00,3.0,5.75,-0.6666666666666665,0.0,6.2,1.2110601416401883
2026-06-13 09:45:00,4.333333333333333,5.45,1.333333333333333,-0.2999999999999998,5.890000000000001,1.1642832797727687
2026-06-13 09:46:00,1.3333333333333333,5.666666666666667,-3.0,0.21666666666666679,5.833333333333333,1.4063348739829729
2026-06-13 09:47:00,6.0,5.95,4.666666666666667,0.2833333333333332,5.713333333333334,1.7159383568320163
2026-06-13 09:48:00,2.0,5.533333333333333,-4.0,-0.41666666666666696,5.67,1.8708286933877545
2026-06-13 09:49:00,5.0,5.633333333333334,3.0,0.10000000000000053,5.6466666666666665,1.9916492328393522
2026-06-13 09:50:00,4.666666666666667,8.3,-0.33333333333333304,2.666666666666667,6.216666666666667,2.0221001184144662
2026-06-13 09:51:00,7.0,8.75,2.333333333333333,0.4499999999999993,6.833333333333334,1.8767584347019934
2026-06-13 09:52:00,7.333333333333333,9.983333333333333,0.33333333333333304,1.2333333333333325,7.639999999999999,2.142169201741947
2026-06-13 09:53:00,3.333333333333333,8.3,-4.0,-1.6833333333333318,8.193333333333333,1.676636845328749
2026-06-13 09:54:00,3.333333333333333,7.883333333333334,0.0,-0.41666666666666696,8.643333333333334,1.937925580500552
2026-06-13 09:55:00,3.333333333333333,6.05,0.0,-1.833333333333334,8.193333333333333,2.102908039412347
2026-06-13 09:56:00,2.0,5.9,-1.333333333333333,-0.14999999999999947,7.623333333333335,2.0221001184144662
2026-06-13 09:57:00,3.333333333333333,5.533333333333333,1.333333333333333,-0.36666666666666714,6.733333333333334,0.596284794002419
2026-06-13 09:58:00,3.333333333333333,5.833333333333333,0.0,0.2999999999999998,6.24,0.596284794002419
2026-06-13 09:59:00,3.0,5.25,-0.33333333333333304,-0.583333333333333,5.713333333333333,0.577350269192185
2026-06-13 10:00:00,3.6666666666666665,5.533333333333333,0.6666666666666665,0.2833333333333332,5.609999999999999,0.64117946872468
2026-06-13 10:01:00,4.0,5.133333333333334,0.3333333333333335,-0.39999999999999947,5.456666666666666,0.3800584750369021
2026-06-13 10:02:00,5.333333333333333,5.166666666666667,1.333333333333333,0.033333333333333215,5.383333333333334,0.9006170724087021
2026-06-13 10:03:00,4.0,5.616666666666666,-1.333333333333333,0.4499999999999993,5.34,0.8498365856005057
2026-06-13 10:04:00,5.0,5.766666666666667,1.0,0.15000000000000036,5.443333333333333,0.7226494462912879
2026-06-13 10:05:00,2.6666666666666665,6.033333333333333,-2.3333333333333335,0.2666666666666666,5.543333333333334,1.0434983895012881
2026-06-13 10:06:00,3.333333333333333,5.133333333333334,0.6666666666666665,-0.8999999999999995,5.543333333333334,1.115546702046734
2026-06-13 10:07:00,3.6666666666666665,5.966666666666667,0.3333333333333335,0.833333333333333,5.703333333333333,0.8628119403713429
2026-06-13 10:08:00,3.6666666666666665,5.583333333333333,0.0,-0.38333333333333375,5.696666666666667,0.8498365856005158
2026-06-13 10:09:00,2.333333333333333,6.316666666666666,-1.3333333333333335,0.7333333333333334,5.806666666666667,0.6055300708219324
2026-06-13 10:10:00,4.333333333333333,6.316666666666666,2.0,0.0,5.863333333333333,0.7302967433422279
2026-06-13 10:11:00,3.333333333333333,6.4,-1.0,0.08333333333333393,6.116666666666666,0.7302967433422279
2026-06-13 10:12:00,2.333333333333333,6.283333333333333,-1.0,-0.11666666666666714,6.180000000000001,0.8692269873620468
2026-06-13 10:13:00,3.333333333333333,6.75,1.0,0.4666666666666668,6.413333333333332,0.8366600265358373
2026-06-13 10:14:00,5.0,6.583333333333333,1.666666666666667,-0.16666666666666696,6.466666666666666,1.0274023338295837
2026-06-13 10:15:00,5.333333333333333,6.316666666666666,0.33333333333333304,-0.2666666666666666,6.466666666666666,1.260511360080423
2026-06-13 10:16:00,4.333333333333333,5.8,-1.0,-0.5166666666666666,6.346666666666667,1.2337837015559576
2026-06-13 10:17:00,2.6666666666666665,6.566666666666666,-1.6666666666666665,0.7666666666666666,6.403333333333333,1.1205157542660655
2026-06-13 10:18:00,5.666666666666667,6.35,3.0000000000000004,-0.21666666666666679,6.323333333333332,1.1879019787482388
2026-06-13 10:19:00,6.0,6.75,0.33333333333333304,0.40000000000000036,6.3566666666666665,1.345775282546819
2026-06-13 10:20:00,5.333333333333333,6.9,-0.666666666666667,0.15000000000000036,6.473333333333334,1.345775282546819
2026-06-13 10:21:00,4.0,6.1,-1.333333333333333,-0.8000000000000007,6.533333333333333,1.3824294235562167
2026-06-13 10:22:00,1.6666666666666667,6.2,-2.333333333333333,0.10000000000000053,6.459999999999999,1.7732581437701946
2026-06-13 10:23:00,2.6666666666666665,5.8,0.9999999999999998,-0.40000000000000036,6.35,1.8012341448149782
2026-06-13 10:24:00,5.333333333333333,6.016666666666667,2.6666666666666665,0.21666666666666679,6.203333333333333,1.6261747890209566
2026-06-13 10:25:00,4.0,6.016666666666667,-1.333333333333333,0.0,6.026666666666666,1.4063348739829713
2026-06-13 10:26:00,2.6666666666666665,5.95,-1.3333333333333335,-0.06666666666666643,5.996666666666667,1.4220486005144681
2026-06-13 10:27:00,3.0,5.416666666666667,0.3333333333333335,-0.5333333333333332,5.84,1.1450376024891205
2026-06-13 10:28:00,3.0,5.25,0.0,-0.16666666666666696,5.73,1.0903618155877466
2026-06-13 10:29:00,3.333333333333333,5.016666666666667,0.33333333333333304,-0.2333333333333334,5.529999999999999,0.5055250296063434
2026-06-13 10:30:00,4.0,5.316666666666666,0.666666666666667,0.2999999999999998,5.39,0.5055250296063434
2026-06-13 10:31:00,2.6666666666666665,5.3,-1.3333333333333335,-0.016666666666666607,5.26,0.5055250296063434
2026-06-13 10:32:00,4.333333333333333,4.383333333333334,1.6666666666666665,-0.9166666666666661,5.053333333333333,0.6912147117797066
2026-06-13 10:33:00,4.333333333333333,5.25,0.0,0.8666666666666663,5.053333333333333,0.7226494462913078
2026-06-13 10:34:00,2.0,4.3,-2.333333333333333,-0.9500000000000002,4.91,1.069787102393448
2026-06-13 10:35:00,2.6666666666666665,4.533333333333333,0.6666666666666665,0.2333333333333334,4.753333333333333,1.0697871023934542
2026-06-13 10:36:00,5.0,4.983333333333333,2.3333333333333335,0.4500000000000002,4.6899999999999995,1.2692955176451328
2026-06-13 10:37:00,4.0,4.466666666666667,-1.0,-0.5166666666666666,4.706666666666666,1.2337837015559656
2026-06-13 10:38:00,5.0,4.8,1.0,0.33333333333333304,4.616666666666666,1.3621877827812388
2026-06-13 10:39:00,2.0,4.5,-3.0,-0.2999999999999998,4.656666666666666,1.3621877827812388
2026-06-13 10:40:00,6.0,5.15,4.0,0.6500000000000004,4.78,1.516575088811259
2026-06-13 10:41:00,3.333333333333333,4.683333333333334,-2.666666666666667,-0.4666666666666668,4.720000000000001,1.534781924430455
2026-06-13 10:42:00,3.6666666666666665,4.416666666666667,0.3333333333333335,-0.2666666666666666,4.709999999999999,1.545603082583555
2026-06-13 10:43:00,3.333333333333333,4.25,-0.3333333333333335,-0.16666666666666696,4.6,1.4529663145145613
2026-06-13 10:44:00,3.0,4.633333333333334,-0.33333333333333304,0.38333333333333375,4.626666666666667,1.2156388352552263
2026-06-13 10:45:00,1.6666666666666667,4.8,-1.3333333333333333,0.16666666666666607,4.556666666666667,0.781735959972458
2026-06-13 10:46:00,3.0,4.0,1.3333333333333333,-0.7999999999999998,4.42,0.7601169500680344
2026-06-13 10:47:00,2.6666666666666665,4.033333333333333,-0.3333333333333335,0.033333333333333215,4.343333333333334,0.641179468724689
2026-06-13 10:48:00,5.666666666666667,3.8333333333333335,3.0000000000000004,-0.19999999999999973,4.26,1.4832396974201236
2026-06-13 10:49:00,4.0,4.35,-1.666666666666667,0.5166666666666662,4.203333333333333,1.5165750888112761
2026-06-13 10:50:00,4.0,3.9,0.0,-0.44999999999999973,4.023333333333333,1.169045194451255
2026-06-13 10:51:00,3.6666666666666665,3.7666666666666666,-0.3333333333333335,-0.1333333333333333,3.9766666666666675,1.0801234497359853
2026-06-13 10:52:00,2.333333333333333,4.183333333333334,-1.3333333333333335,0.41666666666666696,4.006666666666666,1.1879019787482523
2026-06-13 10:53:00,2.6666666666666665,4.2,0.3333333333333335,0.016666666666666607,4.08,0.781735959972448
2026-06-13 10:54:00,3.6666666666666665,4.5,1.0,0.2999999999999998,4.11,0.7226494462913255
2026-06-13 10:55:00,2.6666666666666665,4.0,-1.0,-0.5,4.130000000000001,0.6236095644646897
2026-06-13 10:56:00,2.333333333333333,4.7,-0.3333333333333335,0.7000000000000002,4.316666666666666,0.5477225575078729
2026-06-13 10:57:00,5.0,4.233333333333333,2.666666666666667,-0.4666666666666668,4.326666666666666,1.0903618155877552
2026-06-13 10:58:00,4.333333333333333,4.233333333333333,-0.666666666666667,0.0,4.333333333333333,1.1155467020467424
2026-06-13 10:59:00,3.333333333333333,3.966666666666667,-1.0,-0.2666666666666666,4.226666666666667,1.1205157542660782
2026-06-13 11:00:00,4.333333333333333,4.516666666666667,1.0,0.5499999999999998,4.33,1.0434983895012937
2026-06-13 11:01:00,3.6666666666666665,3.883333333333333,-0.6666666666666665,-0.6333333333333337,4.166666666666666,0.649786289656155
2026-06-13 11:02:00,3.6666666666666665,4.55,0.0,0.666666666666667,4.2299999999999995,0.44721359550320505
2026-06-13 11:03:00,4.333333333333333,4.216666666666667,0.6666666666666665,-0.33333333333333304,4.226666666666667,0.44721359550320505
2026-06-13 11:04:00,2.0,3.95,-2.333333333333333,-0.2666666666666666,4.223333333333334,0.9545214042199524
2026-06-13 11:05:00,3.6666666666666665,4.55,1.6666666666666665,0.5999999999999996,4.2299999999999995,0.8692269873620362
2026-06-13 11:06:00,6.333333333333333,4.566666666666666,2.6666666666666665,0.016666666666666607,4.366666666666667,1.5634719199420697
2026-06-13 11:07:00,4.333333333333333,4.783333333333333,-2.0,0.21666666666666679,4.413333333333333,1.5563490039914287
2026-06-13 11:08:00,4.333333333333333,4.5,0.0,-0.2833333333333332,4.470000000000001,1.5563490039914287
2026-06-13 11:09:00,5.666666666666667,3.966666666666667,1.333333333333334,-0.5333333333333332,4.473333333333334,1.095445115011634
2026-06-13 11:10:00,4.0,4.35,-1.666666666666667,0.38333333333333286,4.433333333333334,1.011050059208282
2026-06-13 11:11:00,6.0,4.95,2.0,0.6000000000000005,4.51,0.9006170724086698
2026-06-13 11:12:00,3.333333333333333,4.133333333333334,-2.666666666666667,-0.8166666666666664,4.38,1.130388330522144
2026-06-13 11:13:00,2.6666666666666665,4.166666666666667,-0.6666666666666665,0.033333333333333215,4.3133333333333335,1.4529663145145486
2026-06-13 11:14:00,3.0,4.75,0.3333333333333335,0.583333333333333,4.470000000000001,1.3249737942912159
2026-06-13 11:15:00,3.0,4.483333333333333,0.0,-0.2666666666666666,4.496666666666667,1.36218778278124
2026-06-13 11:16:00,4.0,4.466666666666667,1.0,-0.016666666666666607,4.4,0.5055250296063402
2026-06-13 11:17:00,8.0,4.183333333333334,4.0,-0.2833333333333332,4.410000000000001,2.2186081723064826
2026-06-13 11:18:00,4.333333333333333,4.433333333333334,-3.666666666666667,0.25,4.463333333333334,2.0628997929028032
2026-06-13 11:19:00,2.333333333333333,5.066666666666666,-2.0,0.6333333333333329,4.526666666666666,2.1984843263794747
2026-06-13 11:20:00,3.6666666666666665,4.95,1.3333333333333335,-0.11666666666666625,4.62,2.116076033081196
2026-06-13 11:21:00,1.6666666666666667,5.966666666666667,-1.9999999999999998,1.0166666666666666,4.92,2.472066162365807
2026-06-13 11:22:00,3.0,6.566666666666666,1.3333333333333333,0.5999999999999996,5.3966666666666665,1.054092553390857
2026-06-13 11:23:00,2.6666666666666665,5.666666666666667,-0.3333333333333335,-0.8999999999999995,5.643333333333333,0.745355992501917
2026-06-13 11:24:00,2.6666666666666665,5.983333333333333,0.0,0.31666666666666643,5.826666666666666,0.7226494462913405
2026-06-13 11:25:00,5.0,7.55,2.3333333333333335,1.5666666666666664,6.346666666666667,1.2247448713927918
2026-06-13 11:26:00,5.0,8.9,0.0,1.3500000000000005,6.9333333333333345,1.2247448713927784
2026-06-13 11:27:00,3.333333333333333,7.85,-1.666666666666667,-1.0500000000000007,7.19,1.1879019787482556
2026-06-13 11:28:00,4.333333333333333,6.55,1.0,-1.2999999999999998,7.366666666666667,1.0381607668278892
2026-06-13 11:29:00,3.6666666666666665,6.566666666666666,-0.6666666666666665,0.016666666666666607,7.4833333333333325,0.7601169500679884
2026-06-13 11:30:00,4.0,6.4,0.3333333333333335,-0.16666666666666607,7.253333333333333,0.6411794687246343
2026-06-13 11:31:00,2.6666666666666665,5.766666666666667,-1.3333333333333335,-0.6333333333333337,6.626666666666667,0.6411794687246529
2026-06-13 11:32:00,6.666666666666667,6.4,4.0,0.6333333333333337,6.336666666666666,1.4794894014124509
2026-06-13 11:33:00,4.666666666666667,5.316666666666666,-2.0,-1.083333333333334,6.090000000000001,1.4907119850008257
2026-06-13 11:34:00,3.333333333333333,6.0,-1.333333333333334,0.6833333333333336,5.976666666666667,1.5347819244304512
2026-06-13 11:35:00,2.6666666666666665,5.35,-0.6666666666666665,-0.6500000000000004,5.766666666666667,1.6996731711984474
2026-06-13 11:36:00,2.6666666666666665,5.816666666666666,0.0,0.4666666666666668,5.776666666666666,1.6996731711984474
2026-06-13 11:37:00,4.0,6.166666666666667,1.3333333333333335,0.35000000000000053,5.73,0.8692269873620361
2026-06-13 11:38:00,5.333333333333333,6.016666666666667,1.333333333333333,-0.15000000000000036,5.87,1.115546702046742
2026-06-13 11:39:00,5.0,6.633333333333334,-0.33333333333333304,0.6166666666666671,5.996666666666667,1.2560962454289395
2026-06-13 11:40:00,4.666666666666667,6.366666666666666,-0.33333333333333304,-0.2666666666666675,6.2,1.054092553390826
2026-06-13 11:41:00,3.6666666666666665,5.216666666666667,-1.0000000000000004,-1.1499999999999995,6.08,0.6912147117796664
2026-06-13 11:42:00,2.333333333333333,6.316666666666666,-1.3333333333333335,1.0999999999999996,6.109999999999999,1.2156388352552188
2026-06-13 11:43:00,3.333333333333333,6.4,1.0,0.08333333333333393,6.1866666666666665,1.0697871023934402
2026-06-13 11:44:00,6.333333333333333,6.383333333333334,3.0,-0.016666666666666607,6.136666666666667,1.5165750888112643
2026-06-13 11:45:00,3.333333333333333,6.35,-3.0,-0.0333333333333341,6.133333333333334,1.501850710143476
2026-06-13 11:46:00,4.0,6.25,0.666666666666667,-0.09999999999999964,6.340000000000001,1.5018507101434748
2026-06-13 11:47:00,2.333333333333333,6.466666666666667,-1.666666666666667,0.21666666666666679,6.369999999999999,1.5018507101434748
2026-06-13 11:48:00,5.0,6.6,2.666666666666667,0.13333333333333286,6.409999999999999,1.5383974345628484
2026-06-13 11:49:00,1.0,5.866666666666666,-4.0,-0.7333333333333334,6.306666666666667,1.5383974345628664
2026-06-13 11:50:00,3.6666666666666665,5.033333333333333,2.6666666666666665,-0.833333333333333,6.043333333333333,1.5563490039914443
2026-06-13 11:51:00,2.6666666666666665,5.616666666666666,-1.0,0.583333333333333,5.916666666666666,1.4981470036172675
2026-06-13 11:52:00,4.0,5.15,1.3333333333333335,-0.4666666666666659,5.653333333333333,1.5165750888112777
2026-06-13 11:53:00,4.333333333333333,5.716666666666667,0.33333333333333304,0.5666666666666664,5.476666666666667,1.3457752825468496
2026-06-13 11:54:00,2.6666666666666665,5.6,-1.6666666666666665,-0.11666666666666714,5.423333333333333,0.7673909622166614
2026-06-13 11:55:00,4.333333333333333,5.633333333333334,1.6666666666666665,0.0333333333333341,5.543333333333334,0.862811940371343
2026-06-13 11:56:00,5.666666666666667,5.4,1.333333333333334,-0.2333333333333334,5.5,1.0697871023934296
2026-06-13 11:57:00,3.333333333333333,5.6,-2.333333333333334,0.1999999999999993,5.590000000000001,1.1401754251004066
2026-06-13 11:58:00,3.0,5.6,-0.33333333333333304,0.0,5.566666666666666,1.215638835255227
