Time_Seconds,Total_Counts,Exposure,Counts_Per_Second
0.0,3.0,20.0,0.15
20.0,8.0,20.0,0.4
40.0,5.0,20.0,0.25
60.0,3.0,20.0,0.15
80.0,1.0,20.0,0.05
100.0,3.0,20.0,0.15
120.0,5.0,20.0,0.25
140.0,3.0,20.0,0.15
160.0,3.0,20.0,0.15
180.0,3.0,20.0,0.15
200.0,4.0,20.0,0.2
220.0,8.0,20.0,0.4
240.0,7.0,20.0,0.35
260.0,1.0,20.0,0.05
280.0,1.0,20.0,0.05
300.0,4.0,20.0,0.2
320.0,5.0,20.0,0.25
340.0,7.0,20.0,0.35
360.0,3.0,20.0,0.15
380.0,5.0,20.0,0.25
400.0,1.0,20.0,0.05
420.0,6.0,20.0,0.3
440.0,3.0,20.0,0.15
460.0,4.0,20.0,0.2
480.0,4.0,20.0,0.2
500.0,10.0,20.0,0.5
520.0,1.0,20.0,0.05
540.0,2.0,20.0,0.1
560.0,0.0,20.0,0.0
580.0,5.0,20.0,0.25
600.0,1.0,20.0,0.05
620.0,4.0,20.0,0.2
640.0,2.0,20.0,0.1
660.0,5.0,20.0,0.25
680.0,2.0,20.0,0.1
700.0,2.0,20.0,0.1
720.0,2.0,20.0,0.1
740.0,5.0,20.0,0.25
760.0,3.0,20.0,0.15
780.0,5.0,20.0,0.25
800.0,2.0,20.0,0.1
820.0,6.0,20.0,0.3
840.0,4.0,20.0,0.2
860.0,0.0,20.0,0.0
880.0,1.0,20.0,0.05
900.0,3.0,20.0,0.15
920.0,2.0,20.0,0.1
940.0,3.0,20.0,0.15
960.0,2.0,20.0,0.1
980.0,1.0,20.0,0.05
1000.0,4.0,20.0,0.2
1020.0,3.0,20.0,0.15
1040.0,4.0,20.0,0.2
1060.0,4.0,20.0,0.2
1080.0,2.0,20.0,0.1
1100.0,3.0,20.0,0.15
1120.0,1.0,20.0,0.05
1140.0,5.0,20.0,0.25
1160.0,1.0,20.0,0.05
1180.0,4.0,20.0,0.2
1200.0,5.0,20.0,0.25
1220.0,2.0,20.0,0.1
1240.0,5.0,20.0,0.25
1260.0,3.0,20.0,0.15
1280.0,2.0,20.0,0.1
1300.0,2.0,20.0,0.1
1320.0,2.0,20.0,0.1
1340.0,2.0,20.0,0.1
1360.0,7.0,20.0,0.35
1380.0,4.0,20.0,0.2
1400.0,4.0,20.0,0.2
1420.0,2.0,20.0,0.1
1440.0,3.0,20.0,0.15
1460.0,3.0,20.0,0.15
1480.0,3.0,20.0,0.15
1500.0,7.0,20.0,0.35
1520.0,2.0,20.0,0.1
1540.0,4.0,20.0,0.2
1560.0,4.0,20.0,0.2
1580.0,8.0,20.0,0.4
1600.0,3.0,20.0,0.15
1620.0,4.0,20.0,0.2
1640.0,5.0,20.0,0.25
1660.0,4.0,20.0,0.2
1680.0,5.0,20.0,0.25
1700.0,3.0,20.0,0.15
1720.0,4.0,20.0,0.2
1740.0,2.0,20.0,0.1
1760.0,2.0,20.0,0.1
1780.0,4.0,20.0,0.2
1800.0,5.0,20.0,0.25
1820.0,4.0,20.0,0.2
1840.0,4.0,20.0,0.2
1860.0,2.0,20.0,0.1
1880.0,4.0,20.0,0.2
1900.0,5.0,20.0,0.25
1920.0,3.0,20.0,0.15
1940.0,3.0,20.0,0.15
1960.0,9.0,20.0,0.45
1980.0,0.0,20.0,0.0
2000.0,5.0,20.0,0.25
2020.0,2.0,20.0,0.1
2040.0,6.0,20.0,0.3
2060.0,2.0,20.0,0.1
2080.0,5.0,20.0,0.25
2100.0,7.0,20.0,0.35
2120.0,1.0,20.0,0.05
2140.0,2.0,20.0,0.1
2160.0,2.0,20.0,0.1
2180.0,4.0,20.0,0.2
2200.0,4.0,20.0,0.2
2220.0,3.0,20.0,0.15
2240.0,0.0,20.0,0.0
2260.0,4.0,20.0,0.2
2280.0,7.0,20.0,0.35
2300.0,2.0,20.0,0.1
2320.0,0.0,20.0,0.0
2340.0,4.0,20.0,0.2
2360.0,1.0,20.0,0.05
2380.0,0.0,20.0,0.0
2400.0,2.0,20.0,0.1
2420.0,1.0,20.0,0.05
2440.0,6.0,20.0,0.3
2460.0,1.0,20.0,0.05
2480.0,2.0,20.0,0.1
2500.0,3.0,20.0,0.15
2520.0,1.0,20.0,0.05
2540.0,0.0,20.0,0.0
2560.0,2.0,20.0,0.1
2580.0,2.0,20.0,0.1
2600.0,2.0,20.0,0.1
2620.0,1.0,20.0,0.05
2640.0,2.0,20.0,0.1
2660.0,5.0,20.0,0.25
2680.0,3.0,20.0,0.15
2700.0,1.0,20.0,0.05
2720.0,1.0,20.0,0.05
2740.0,3.0,20.0,0.15
2760.0,5.0,20.0,0.25
2780.0,2.0,20.0,0.1
2800.0,6.0,20.0,0.3
2820.0,0.0,20.0,0.0
2840.0,1.0,20.0,0.05
2860.0,3.0,20.0,0.15
2880.0,3.0,20.0,0.15
2900.0,3.0,20.0,0.15
2920.0,1.0,20.0,0.05
2940.0,5.0,20.0,0.25
2960.0,3.0,20.0,0.15
2980.0,2.0,20.0,0.1
3000.0,2.0,20.0,0.1
3020.0,5.0,20.0,0.25
3040.0,4.0,20.0,0.2
3060.0,3.0,20.0,0.15
3080.0,2.0,20.0,0.1
3100.0,1.0,20.0,0.05
3120.0,3.0,20.0,0.15
3140.0,5.0,20.0,0.25
3160.0,0.0,20.0,0.0
3180.0,6.0,20.0,0.3
3200.0,3.0,20.0,0.15
3220.0,4.0,20.0,0.2
3240.0,3.0,20.0,0.15
3260.0,3.0,20.0,0.15
3280.0,3.0,20.0,0.15
3300.0,8.0,20.0,0.4
3320.0,2.0,20.0,0.1
3340.0,0.0,20.0,0.0
3360.0,3.0,20.0,0.15
3380.0,2.0,20.0,0.1
3400.0,11.0,20.0,0.55
3420.0,8.0,20.0,0.4
3440.0,8.0,20.0,0.4
3460.0,11.0,20.0,0.55
3480.0,4.0,20.0,0.2
3500.0,4.0,20.0,0.2
3520.0,4.0,20.0,0.2
3540.0,7.0,20.0,0.35
3560.0,5.0,20.0,0.25
3580.0,2.0,20.0,0.1
3600.0,0.0,20.0,0.0
3620.0,2.0,20.0,0.1
3640.0,5.0,20.0,0.25
3660.0,3.0,20.0,0.15
3680.0,2.0,20.0,0.1
3700.0,3.0,20.0,0.15
3720.0,1.0,20.0,0.05
3740.0,8.0,20.0,0.4
3760.0,3.0,20.0,0.15
3780.0,5.0,20.0,0.25
3800.0,2.0,20.0,0.1
3820.0,10.0,20.0,0.5
3840.0,2.0,20.0,0.1
3860.0,14.0,20.0,0.7
3880.0,5.0,20.0,0.25
3900.0,5.0,20.0,0.25
3920.0,6.0,20.0,0.3
3940.0,5.0,20.0,0.25
3960.0,7.0,20.0,0.35
3980.0,0.0,20.0,0.0
4000.0,9.0,20.0,0.45
4020.0,3.0,20.0,0.15
4040.0,2.0,20.0,0.1
4060.0,6.0,20.0,0.3
4080.0,6.0,20.0,0.3
4100.0,2.0,20.0,0.1
4120.0,3.0,20.0,0.15
4140.0,3.0,20.0,0.15
4160.0,3.0,20.0,0.15
4180.0,0.0,20.0,0.0
4200.0,1.0,20.0,0.05
4220.0,2.0,20.0,0.1
4240.0,1.0,20.0,0.05
4260.0,1.0,20.0,0.05
4280.0,1.0,20.0,0.05
4300.0,1.0,20.0,0.05
4320.0,5.0,20.0,0.25
4340.0,2.0,20.0,0.1
4360.0,2.0,20.0,0.1
4380.0,3.0,20.0,0.15
4400.0,3.0,20.0,0.15
4420.0,5.0,20.0,0.25
4440.0,2.0,20.0,0.1
4460.0,8.0,20.0,0.4
4480.0,11.0,20.0,0.55
4500.0,5.0,20.0,0.25
4520.0,10.0,20.0,0.5
4540.0,6.0,20.0,0.3
4560.0,6.0,20.0,0.3
4580.0,4.0,20.0,0.2
4600.0,10.0,20.0,0.5
4620.0,3.0,20.0,0.15
4640.0,6.0,20.0,0.3
4660.0,6.0,20.0,0.3
4680.0,6.0,20.0,0.3
4700.0,4.0,20.0,0.2
4720.0,8.0,20.0,0.4
4740.0,5.0,20.0,0.25
4760.0,1.0,20.0,0.05
4780.0,1.0,20.0,0.05
4800.0,3.0,20.0,0.15
4820.0,8.0,20.0,0.4
4840.0,2.0,20.0,0.1
4860.0,4.0,20.0,0.2
4880.0,4.0,20.0,0.2
4900.0,6.0,20.0,0.3
4920.0,2.0,20.0,0.1
4940.0,2.0,20.0,0.1
4960.0,2.0,20.0,0.1
4980.0,2.0,20.0,0.1
5000.0,4.0,20.0,0.2
5020.0,3.0,20.0,0.15
5040.0,5.0,20.0,0.25
5060.0,4.0,20.0,0.2
5080.0,5.0,20.0,0.25
5100.0,3.0,20.0,0.15
5120.0,2.0,20.0,0.1
5140.0,4.0,20.0,0.2
5160.0,3.0,20.0,0.15
5180.0,11.0,20.0,0.55
5200.0,3.0,20.0,0.15
5220.0,6.0,20.0,0.3
5240.0,3.0,20.0,0.15
5260.0,14.0,20.0,0.7
5280.0,2.0,20.0,0.1
5300.0,3.0,20.0,0.15
5320.0,4.0,20.0,0.2
5340.0,5.0,20.0,0.25
5360.0,6.0,20.0,0.3
5380.0,0.0,20.0,0.0
5400.0,4.0,20.0,0.2
5420.0,1.0,20.0,0.05
5440.0,9.0,20.0,0.45
5460.0,6.0,20.0,0.3
5480.0,6.0,20.0,0.3
5500.0,4.0,20.0,0.2
5520.0,5.0,20.0,0.25
5540.0,3.0,20.0,0.15
5560.0,1.0,20.0,0.05
5580.0,6.0,20.0,0.3
5600.0,0.0,20.0,0.0
5620.0,2.0,20.0,0.1
5640.0,3.0,20.0,0.15
5660.0,6.0,20.0,0.3
5680.0,4.0,20.0,0.2
5700.0,3.0,20.0,0.15
5720.0,4.0,20.0,0.2
5740.0,1.0,20.0,0.05
5760.0,7.0,20.0,0.35
5780.0,3.0,20.0,0.15
5800.0,4.0,20.0,0.2
5820.0,1.0,20.0,0.05
5840.0,0.0,20.0,0.0
5860.0,6.0,20.0,0.3
5880.0,2.0,20.0,0.1
5900.0,2.0,20.0,0.1
5920.0,5.0,20.0,0.25
5940.0,7.0,20.0,0.35
5960.0,3.0,20.0,0.15
5980.0,4.0,20.0,0.2
6000.0,2.0,20.0,0.1
6020.0,3.0,20.0,0.15
6040.0,2.0,20.0,0.1
6060.0,3.0,20.0,0.15
6080.0,1.0,20.0,0.05
6100.0,6.0,20.0,0.3
6120.0,1.0,20.0,0.05
6140.0,3.0,20.0,0.15
6160.0,1.0,20.0,0.05
6180.0,5.0,20.0,0.25
6200.0,2.0,20.0,0.1
6220.0,2.0,20.0,0.1
6240.0,2.0,20.0,0.1
6260.0,3.0,20.0,0.15
6280.0,1.0,20.0,0.05
6300.0,2.0,20.0,0.1
6320.0,2.0,20.0,0.1
6340.0,0.0,20.0,0.0
6360.0,3.0,20.0,0.15
6380.0,5.0,20.0,0.25
6400.0,7.0,20.0,0.35
6420.0,4.0,20.0,0.2
6440.0,1.0,20.0,0.05
6460.0,7.0,20.0,0.35
6480.0,4.0,20.0,0.2
6500.0,7.0,20.0,0.35
6520.0,0.0,20.0,0.0
6540.0,0.0,20.0,0.0
6560.0,3.0,20.0,0.15
6580.0,6.0,20.0,0.3
6600.0,2.0,20.0,0.1
6620.0,2.0,20.0,0.1
6640.0,0.0,20.0,0.0
6660.0,2.0,20.0,0.1
6680.0,3.0,20.0,0.15
6700.0,6.0,20.0,0.3
6720.0,3.0,20.0,0.15
6740.0,5.0,20.0,0.25
6760.0,5.0,20.0,0.25
6780.0,7.0,20.0,0.35
6800.0,3.0,20.0,0.15
6820.0,6.0,20.0,0.3
6840.0,7.0,20.0,0.35
6860.0,6.0,20.0,0.3
6880.0,10.0,20.0,0.5
6900.0,6.0,20.0,0.3
6920.0,5.0,20.0,0.25
6940.0,12.0,20.0,0.6
6960.0,2.0,20.0,0.1
6980.0,4.0,20.0,0.2
7000.0,6.0,20.0,0.3
7020.0,4.0,20.0,0.2
7040.0,5.0,20.0,0.25
7060.0,3.0,20.0,0.15
7080.0,2.0,20.0,0.1
7100.0,2.0,20.0,0.1
7120.0,9.0,20.0,0.45
7140.0,1.0,20.0,0.05
7160.0,2.0,20.0,0.1
7180.0,2.0,20.0,0.1
7200.0,6.0,20.0,0.3
7220.0,4.0,20.0,0.2
7240.0,0.0,20.0,0.0
7260.0,2.0,20.0,0.1
7280.0,7.0,20.0,0.35
7300.0,5.0,20.0,0.25
7320.0,8.0,20.0,0.4
7340.0,9.0,20.0,0.45
7360.0,16.0,20.0,0.8
7380.0,4.0,20.0,0.2
7400.0,25.0,20.0,1.25
7420.0,12.0,20.0,0.6
7440.0,25.0,20.0,1.25
7460.0,21.0,20.0,1.05
7480.0,21.0,20.0,1.05
7500.0,23.0,20.0,1.15
7520.0,18.0,20.0,0.9
7540.0,16.0,20.0,0.8
7560.0,28.0,20.0,1.4
7580.0,25.0,20.0,1.25
7600.0,20.0,20.0,1.0
7620.0,36.0,20.0,1.8
7640.0,9.0,20.0,0.45
7660.0,21.0,20.0,1.05
7680.0,9.0,20.0,0.45
7700.0,19.0,20.0,0.95
7720.0,14.0,20.0,0.7
7740.0,14.0,20.0,0.7
7760.0,13.0,20.0,0.65
7780.0,21.0,20.0,1.05
7800.0,17.0,20.0,0.85
7820.0,22.0,20.0,1.1
7840.0,13.0,20.0,0.65
7860.0,31.0,20.0,1.55
7880.0,19.0,20.0,0.95
7900.0,27.0,20.0,1.35
7920.0,10.0,20.0,0.5
7940.0,47.0,20.0,2.35
7960.0,31.0,20.0,1.55
7980.0,62.0,20.0,3.1
8000.0,45.0,20.0,2.25
8020.0,83.0,20.0,4.15
8040.0,51.0,20.0,2.55
8060.0,119.0,20.0,5.95
8080.0,73.0,20.0,3.65
8100.0,96.0,20.0,4.8
8120.0,69.0,20.0,3.45
8140.0,96.0,20.0,4.8
8160.0,103.0,20.0,5.15
8180.0,74.0,20.0,3.7
8200.0,48.0,20.0,2.4
8220.0,70.0,20.0,3.5
8240.0,36.0,20.0,1.8
8260.0,43.0,20.0,2.15
8280.0,53.0,20.0,2.65
8300.0,37.0,20.0,1.85
8320.0,42.0,20.0,2.1
8340.0,25.0,20.0,1.25
8360.0,23.0,20.0,1.15
8380.0,14.0,20.0,0.7
8400.0,21.0,20.0,1.05
8420.0,15.0,20.0,0.75
8440.0,13.0,20.0,0.65
8460.0,17.0,20.0,0.85
8480.0,24.0,20.0,1.2
8500.0,8.0,20.0,0.4
8520.0,18.0,20.0,0.9
8540.0,8.0,20.0,0.4
8560.0,25.0,20.0,1.25
8580.0,8.0,20.0,0.4
8600.0,15.0,20.0,0.75
8620.0,7.0,20.0,0.35
8640.0,17.0,20.0,0.85
8660.0,8.0,20.0,0.4
8680.0,20.0,20.0,1.0
8700.0,8.0,20.0,0.4
8720.0,14.0,20.0,0.7
8740.0,11.0,20.0,0.55
8760.0,14.0,20.0,0.7
8780.0,16.0,20.0,0.8
8800.0,13.0,20.0,0.65
8820.0,5.0,20.0,0.25
8840.0,3.0,20.0,0.15
8860.0,19.0,20.0,0.95
8880.0,5.0,20.0,0.25
8900.0,7.0,20.0,0.35
8920.0,8.0,20.0,0.4
8940.0,12.0,20.0,0.6
8960.0,6.0,20.0,0.3
8980.0,10.0,20.0,0.5
9000.0,5.0,20.0,0.25
9020.0,8.0,20.0,0.4
9040.0,4.0,20.0,0.2
9060.0,4.0,20.0,0.2
9080.0,6.0,20.0,0.3
9100.0,4.0,20.0,0.2
9120.0,7.0,20.0,0.35
9140.0,3.0,20.0,0.15
9160.0,11.0,20.0,0.55
9180.0,2.0,20.0,0.1
9200.0,6.0,20.0,0.3
9220.0,8.0,20.0,0.4
9240.0,7.0,20.0,0.35
9260.0,4.0,20.0,0.2
9280.0,2.0,20.0,0.1
9300.0,3.0,20.0,0.15
9320.0,1.0,20.0,0.05
9340.0,2.0,20.0,0.1
9360.0,7.0,20.0,0.35
9380.0,6.0,20.0,0.3
9400.0,2.0,20.0,0.1
9420.0,4.0,20.0,0.2
9440.0,9.0,20.0,0.45
9460.0,3.0,20.0,0.15
9480.0,5.0,20.0,0.25
9500.0,2.0,20.0,0.1
9520.0,7.0,20.0,0.35
9540.0,4.0,20.0,0.2
9560.0,5.0,20.0,0.25
9580.0,3.0,20.0,0.15
9600.0,6.0,20.0,0.3
9620.0,2.0,20.0,0.1
9640.0,5.0,20.0,0.25
9660.0,2.0,20.0,0.1
9680.0,3.0,20.0,0.15
9700.0,7.0,20.0,0.35
9720.0,3.0,20.0,0.15
9740.0,6.0,20.0,0.3
9760.0,2.0,20.0,0.1
9780.0,4.0,20.0,0.2
9800.0,4.0,20.0,0.2
9820.0,1.0,20.0,0.05
9840.0,2.0,20.0,0.1
9860.0,1.0,20.0,0.05
9880.0,2.0,20.0,0.1
9900.0,3.0,20.0,0.15
9920.0,5.0,20.0,0.25
9940.0,7.0,20.0,0.35
9960.0,0.0,20.0,0.0
9980.0,6.0,20.0,0.3
10000.0,3.0,20.0,0.15
10020.0,5.0,20.0,0.25
10040.0,6.0,20.0,0.3
10060.0,2.0,20.0,0.1
10080.0,3.0,20.0,0.15
10100.0,3.0,20.0,0.15
10120.0,1.0,20.0,0.05
10140.0,3.0,20.0,0.15
10160.0,2.0,20.0,0.1
10180.0,3.0,20.0,0.15
10200.0,4.0,20.0,0.2
10220.0,4.0,20.0,0.2
10240.0,6.0,20.0,0.3
10260.0,5.0,20.0,0.25
10280.0,0.0,20.0,0.0
10300.0,4.0,20.0,0.2
10320.0,5.0,20.0,0.25
10340.0,10.0,20.0,0.5
10360.0,11.0,20.0,0.55
10380.0,4.0,20.0,0.2
10400.0,11.0,20.0,0.55
10420.0,9.0,20.0,0.45
10440.0,7.0,20.0,0.35
10460.0,7.0,20.0,0.35
10480.0,8.0,20.0,0.4
10500.0,8.0,20.0,0.4
10520.0,7.0,20.0,0.35
10540.0,3.0,20.0,0.15
10560.0,4.0,20.0,0.2
10580.0,6.0,20.0,0.3
10600.0,1.0,20.0,0.05
10620.0,8.0,20.0,0.4
10640.0,5.0,20.0,0.25
10660.0,8.0,20.0,0.4
10680.0,3.0,20.0,0.15
10700.0,6.0,20.0,0.3
10720.0,2.0,20.0,0.1
10740.0,0.0,20.0,0.0
10760.0,6.0,20.0,0.3
10780.0,6.0,20.0,0.3
10800.0,3.0,20.0,0.15
10820.0,0.0,20.0,0.0
10840.0,3.0,20.0,0.15
10860.0,7.0,20.0,0.35
10880.0,4.0,20.0,0.2
10900.0,3.0,20.0,0.15
10920.0,6.0,20.0,0.3
10940.0,6.0,20.0,0.3
10960.0,5.0,20.0,0.25
10980.0,4.0,20.0,0.2
11000.0,3.0,20.0,0.15
11020.0,2.0,20.0,0.1
11040.0,1.0,20.0,0.05
11060.0,4.0,20.0,0.2
11080.0,3.0,20.0,0.15
11100.0,4.0,20.0,0.2
11120.0,0.0,20.0,0.0
11140.0,5.0,20.0,0.25
11160.0,2.0,20.0,0.1
11180.0,1.0,20.0,0.05
11200.0,4.0,20.0,0.2
11220.0,0.0,20.0,0.0
11240.0,2.0,20.0,0.1
11260.0,0.0,20.0,0.0
11280.0,3.0,20.0,0.15
11300.0,1.0,20.0,0.05
11320.0,3.0,20.0,0.15
11340.0,3.0,20.0,0.15
11360.0,2.0,20.0,0.1
11380.0,2.0,20.0,0.1
11400.0,6.0,20.0,0.3
11420.0,0.0,20.0,0.0
11440.0,5.0,20.0,0.25
11460.0,1.0,20.0,0.05
11480.0,1.0,20.0,0.05
11500.0,3.0,20.0,0.15
11520.0,3.0,20.0,0.15
11540.0,7.0,20.0,0.35
11560.0,5.0,20.0,0.25
11580.0,7.0,20.0,0.35
11600.0,2.0,20.0,0.1
11620.0,1.0,20.0,0.05
11640.0,2.0,20.0,0.1
11660.0,4.0,20.0,0.2
11680.0,3.0,20.0,0.15
11700.0,5.0,20.0,0.25
11720.0,4.0,20.0,0.2
11740.0,2.0,20.0,0.1
11760.0,1.0,20.0,0.05
11780.0,5.0,20.0,0.25
11800.0,7.0,20.0,0.35
11820.0,8.0,20.0,0.4
11840.0,3.0,20.0,0.15
11860.0,3.0,20.0,0.15
11880.0,9.0,20.0,0.45
11900.0,6.0,20.0,0.3
11920.0,3.0,20.0,0.15
11940.0,0.0,20.0,0.0
11960.0,2.0,20.0,0.1
11980.0,2.0,20.0,0.1
12000.0,7.0,20.0,0.35
12020.0,2.0,20.0,0.1
12040.0,3.0,20.0,0.15
12060.0,3.0,20.0,0.15
12080.0,8.0,20.0,0.4
12100.0,2.0,20.0,0.1
12120.0,5.0,20.0,0.25
12140.0,3.0,20.0,0.15
12160.0,6.0,20.0,0.3
12180.0,4.0,20.0,0.2
12200.0,2.0,20.0,0.1
12220.0,4.0,20.0,0.2
12240.0,3.0,20.0,0.15
12260.0,1.0,20.0,0.05
12280.0,3.0,20.0,0.15
12300.0,2.0,20.0,0.1
12320.0,3.0,20.0,0.15
12340.0,4.0,20.0,0.2
12360.0,4.0,20.0,0.2
12380.0,3.0,20.0,0.15
12400.0,6.0,20.0,0.3
12420.0,1.0,20.0,0.05
12440.0,3.0,20.0,0.15
12460.0,2.0,20.0,0.1
12480.0,3.0,20.0,0.15
12500.0,2.0,20.0,0.1
12520.0,3.0,20.0,0.15
12540.0,4.0,20.0,0.2
12560.0,4.0,20.0,0.2
12580.0,0.0,20.0,0.0
12600.0,1.0,20.0,0.05
12620.0,4.0,20.0,0.2
12640.0,3.0,20.0,0.15
12660.0,2.0,20.0,0.1
12680.0,2.0,20.0,0.1
12700.0,1.0,20.0,0.05
12720.0,7.0,20.0,0.35
12740.0,1.0,20.0,0.05
12760.0,2.0,20.0,0.1
12780.0,2.0,20.0,0.1
12800.0,4.0,20.0,0.2
12820.0,0.0,20.0,0.0
12840.0,7.0,20.0,0.35
12860.0,2.0,20.0,0.1
12880.0,3.0,20.0,0.15
12900.0,2.0,20.0,0.1
12920.0,7.0,20.0,0.35
12940.0,0.0,20.0,0.0
12960.0,0.0,20.0,0.0
12980.0,5.0,20.0,0.25
13000.0,0.0,20.0,0.0
13020.0,4.0,20.0,0.2
13040.0,6.0,20.0,0.3
13060.0,1.0,20.0,0.05
13080.0,3.0,20.0,0.15
13100.0,3.0,20.0,0.15
13120.0,5.0,20.0,0.25
13140.0,2.0,20.0,0.1
13160.0,2.0,20.0,0.1
13180.0,2.0,20.0,0.1
13200.0,7.0,20.0,0.35
13220.0,3.0,20.0,0.15
13240.0,5.0,20.0,0.25
13260.0,4.0,20.0,0.2
13280.0,3.0,20.0,0.15
13300.0,1.0,20.0,0.05
13320.0,2.0,20.0,0.1
13340.0,1.0,20.0,0.05
13360.0,7.0,20.0,0.35
13380.0,3.0,20.0,0.15
13400.0,1.0,20.0,0.05
13420.0,1.0,20.0,0.05
13440.0,4.0,20.0,0.2
13460.0,1.0,20.0,0.05
13480.0,4.0,20.0,0.2
13500.0,1.0,20.0,0.05
13520.0,5.0,20.0,0.25
13540.0,3.0,20.0,0.15
13560.0,3.0,20.0,0.15
13580.0,4.0,20.0,0.2
13600.0,0.0,20.0,0.0
13620.0,7.0,20.0,0.35
13640.0,2.0,20.0,0.1
13660.0,3.0,20.0,0.15
13680.0,5.0,20.0,0.25
13700.0,4.0,20.0,0.2
13720.0,1.0,20.0,0.05
13740.0,5.0,20.0,0.25
13760.0,2.0,20.0,0.1
13780.0,2.0,20.0,0.1
13800.0,5.0,20.0,0.25
13820.0,4.0,20.0,0.2
13840.0,3.0,20.0,0.15
13860.0,2.0,20.0,0.1
13880.0,1.0,20.0,0.05
13900.0,4.0,20.0,0.2
13920.0,5.0,20.0,0.25
13940.0,4.0,20.0,0.2
13960.0,2.0,20.0,0.1
13980.0,4.0,20.0,0.2
14000.0,3.0,20.0,0.15
14020.0,3.0,20.0,0.15
14040.0,6.0,20.0,0.3
14060.0,0.0,20.0,0.0
14080.0,6.0,20.0,0.3
14100.0,3.0,20.0,0.15
14120.0,7.0,20.0,0.35
14140.0,1.0,20.0,0.05
14160.0,6.0,20.0,0.3
14180.0,3.0,20.0,0.15
14200.0,2.0,20.0,0.1
14220.0,7.0,20.0,0.35
14240.0,2.0,20.0,0.1
14260.0,0.0,20.0,0.0
14280.0,1.0,20.0,0.05
14300.0,3.0,20.0,0.15
14320.0,5.0,20.0,0.25
14340.0,4.0,20.0,0.2
14360.0,3.0,20.0,0.15
14380.0,1.0,20.0,0.05
14400.0,4.0,20.0,0.2
14420.0,3.0,20.0,0.15
14440.0,1.0,20.0,0.05
14460.0,6.0,20.0,0.3
14480.0,3.0,20.0,0.15
14500.0,3.0,20.0,0.15
14520.0,3.0,20.0,0.15
14540.0,3.0,20.0,0.15
14560.0,4.0,20.0,0.2
14580.0,3.0,20.0,0.15
14600.0,1.0,20.0,0.05
14620.0,7.0,20.0,0.35
14640.0,3.0,20.0,0.15
14660.0,8.0,20.0,0.4
14680.0,1.0,20.0,0.05
14700.0,3.0,20.0,0.15
14720.0,1.0,20.0,0.05
14740.0,2.0,20.0,0.1
14760.0,2.0,20.0,0.1
14780.0,2.0,20.0,0.1
14800.0,7.0,20.0,0.35
14820.0,0.0,20.0,0.0
14840.0,3.0,20.0,0.15
14860.0,4.0,20.0,0.2
14880.0,4.0,20.0,0.2
14900.0,2.0,20.0,0.1
14920.0,2.0,20.0,0.1
14940.0,3.0,20.0,0.15
14960.0,2.0,20.0,0.1
14980.0,3.0,20.0,0.15
15000.0,7.0,20.0,0.35
15020.0,5.0,20.0,0.25
15040.0,2.0,20.0,0.1
15060.0,4.0,20.0,0.2
15080.0,5.0,20.0,0.25
15100.0,0.0,20.0,0.0
15120.0,4.0,20.0,0.2
15140.0,7.0,20.0,0.35
15160.0,8.0,20.0,0.4
15180.0,7.0,20.0,0.35
15200.0,3.0,20.0,0.15
15220.0,3.0,20.0,0.15
15240.0,5.0,20.0,0.25
15260.0,2.0,20.0,0.1
15280.0,1.0,20.0,0.05
15300.0,2.0,20.0,0.1
15320.0,2.0,20.0,0.1
15340.0,6.0,20.0,0.3
15360.0,4.0,20.0,0.2
15380.0,6.0,20.0,0.3
15400.0,3.0,20.0,0.15
15420.0,6.0,20.0,0.3
15440.0,2.0,20.0,0.1
15460.0,3.0,20.0,0.15
15480.0,8.0,20.0,0.4
15500.0,4.0,20.0,0.2
15520.0,4.0,20.0,0.2
15540.0,4.0,20.0,0.2
15560.0,2.0,20.0,0.1
15580.0,5.0,20.0,0.25
15600.0,1.0,20.0,0.05
15620.0,4.0,20.0,0.2
15640.0,1.0,20.0,0.05
15660.0,6.0,20.0,0.3
15680.0,4.0,20.0,0.2
15700.0,1.0,20.0,0.05
15720.0,3.0,20.0,0.15
15740.0,4.0,20.0,0.2
15760.0,2.0,20.0,0.1
15780.0,4.0,20.0,0.2
15800.0,5.0,20.0,0.25
15820.0,1.0,20.0,0.05
15840.0,1.0,20.0,0.05
15860.0,3.0,20.0,0.15
15880.0,5.0,20.0,0.25
15900.0,3.0,20.0,0.15
15920.0,1.0,20.0,0.05
15940.0,1.0,20.0,0.05
15960.0,1.0,20.0,0.05
15980.0,5.0,20.0,0.25
16000.0,3.0,20.0,0.15
16020.0,2.0,20.0,0.1
16040.0,3.0,20.0,0.15
16060.0,1.0,20.0,0.05
16080.0,1.0,20.0,0.05
16100.0,4.0,20.0,0.2
16120.0,1.0,20.0,0.05
16140.0,0.0,20.0,0.0
16160.0,4.0,20.0,0.2
16180.0,6.0,20.0,0.3
16200.0,4.0,20.0,0.2
16220.0,3.0,20.0,0.15
16240.0,2.0,20.0,0.1
16260.0,3.0,20.0,0.15
16280.0,7.0,20.0,0.35
16300.0,1.0,20.0,0.05
16320.0,1.0,20.0,0.05
16340.0,3.0,20.0,0.15
16360.0,8.0,20.0,0.4
16380.0,3.0,20.0,0.15
16400.0,4.0,20.0,0.2
16420.0,3.0,20.0,0.15
16440.0,6.0,20.0,0.3
16460.0,2.0,20.0,0.1
16480.0,3.0,20.0,0.15
16500.0,3.0,20.0,0.15
16520.0,6.0,20.0,0.3
16540.0,6.0,20.0,0.3
16560.0,3.0,20.0,0.15
16580.0,8.0,20.0,0.4
16600.0,3.0,20.0,0.15
16620.0,2.0,20.0,0.1
16640.0,1.0,20.0,0.05
16660.0,3.0,20.0,0.15
16680.0,3.0,20.0,0.15
16700.0,3.0,20.0,0.15
16720.0,6.0,20.0,0.3
16740.0,2.0,20.0,0.1
16760.0,3.0,20.0,0.15
16780.0,5.0,20.0,0.25
16800.0,3.0,20.0,0.15
16820.0,6.0,20.0,0.3
16840.0,2.0,20.0,0.1
16860.0,2.0,20.0,0.1
16880.0,1.0,20.0,0.05
16900.0,6.0,20.0,0.3
16920.0,1.0,20.0,0.05
16940.0,1.0,20.0,0.05
16960.0,7.0,20.0,0.35
16980.0,3.0,20.0,0.15
17000.0,4.0,20.0,0.2
17020.0,8.0,20.0,0.4
17040.0,3.0,20.0,0.15
17060.0,1.0,20.0,0.05
17080.0,6.0,20.0,0.3
17100.0,3.0,20.0,0.15
17120.0,5.0,20.0,0.25
17140.0,6.0,20.0,0.3
17160.0,4.0,20.0,0.2
17180.0,1.0,20.0,0.05
17200.0,6.0,20.0,0.3
17220.0,2.0,20.0,0.1
17240.0,1.0,20.0,0.05
17260.0,3.0,20.0,0.15
17280.0,1.0,20.0,0.05
17300.0,2.0,20.0,0.1
17320.0,4.0,20.0,0.2
17340.0,4.0,20.0,0.2
17360.0,7.0,20.0,0.35
17380.0,7.0,20.0,0.35
17400.0,5.0,20.0,0.25
17420.0,6.0,20.0,0.3
17440.0,4.0,20.0,0.2
17460.0,3.0,20.0,0.15
17480.0,4.0,20.0,0.2
17500.0,3.0,20.0,0.15
17520.0,2.0,20.0,0.1
17540.0,5.0,20.0,0.25
17560.0,4.0,20.0,0.2
17580.0,5.0,20.0,0.25
17600.0,6.0,20.0,0.3
17620.0,4.0,20.0,0.2
17640.0,1.0,20.0,0.05
17660.0,0.0,20.0,0.0
17680.0,1.0,20.0,0.05
17700.0,2.0,20.0,0.1
17720.0,4.0,20.0,0.2
17740.0,0.0,20.0,0.0
17760.0,4.0,20.0,0.2
17780.0,4.0,20.0,0.2
17800.0,4.0,20.0,0.2
17820.0,5.0,20.0,0.25
17840.0,2.0,20.0,0.1
17860.0,6.0,20.0,0.3
17880.0,2.0,20.0,0.1
17900.0,4.0,20.0,0.2
17920.0,3.0,20.0,0.15
17940.0,1.0,20.0,0.05
17960.0,6.0,20.0,0.3
17980.0,5.0,20.0,0.25
18000.0,3.0,20.0,0.15
18020.0,6.0,20.0,0.3
18040.0,0.0,20.0,0.0
18060.0,4.0,20.0,0.2
18080.0,2.0,20.0,0.1
18100.0,3.0,20.0,0.15
18120.0,4.0,20.0,0.2
18140.0,0.0,20.0,0.0
18160.0,6.0,20.0,0.3
18180.0,6.0,20.0,0.3
18200.0,5.0,20.0,0.25
18220.0,0.0,20.0,0.0
18240.0,1.0,20.0,0.05
18260.0,2.0,20.0,0.1
18280.0,1.0,20.0,0.05
18300.0,4.0,20.0,0.2
18320.0,3.0,20.0,0.15
18340.0,0.0,20.0,0.0
18360.0,2.0,20.0,0.1
18380.0,2.0,20.0,0.1
18400.0,6.0,20.0,0.3
18420.0,4.0,20.0,0.2
18440.0,5.0,20.0,0.25
18460.0,2.0,20.0,0.1
18480.0,2.0,20.0,0.1
18500.0,2.0,20.0,0.1
18520.0,2.0,20.0,0.1
18540.0,7.0,20.0,0.35
18560.0,10.0,20.0,0.5
18580.0,4.0,20.0,0.2
18600.0,3.0,20.0,0.15
18620.0,2.0,20.0,0.1
18640.0,4.0,20.0,0.2
18660.0,3.0,20.0,0.15
18680.0,3.0,20.0,0.15
18700.0,3.0,20.0,0.15
18720.0,3.0,20.0,0.15
18740.0,3.0,20.0,0.15
18760.0,4.0,20.0,0.2
18780.0,3.0,20.0,0.15
18800.0,3.0,20.0,0.15
18820.0,5.0,20.0,0.25
18840.0,6.0,20.0,0.3
18860.0,4.0,20.0,0.2
18880.0,6.0,20.0,0.3
18900.0,2.0,20.0,0.1
18920.0,4.0,20.0,0.2
18940.0,5.0,20.0,0.25
18960.0,3.0,20.0,0.15
18980.0,2.0,20.0,0.1
19000.0,5.0,20.0,0.25
19020.0,4.0,20.0,0.2
19040.0,5.0,20.0,0.25
19060.0,1.0,20.0,0.05
19080.0,3.0,20.0,0.15
19100.0,0.0,20.0,0.0
19120.0,4.0,20.0,0.2
19140.0,3.0,20.0,0.15
19160.0,5.0,20.0,0.25
19180.0,2.0,20.0,0.1
19200.0,1.0,20.0,0.05
19220.0,3.0,20.0,0.15
19240.0,3.0,20.0,0.15
19260.0,1.0,20.0,0.05
19280.0,7.0,20.0,0.35
19300.0,5.0,20.0,0.25
19320.0,2.0,20.0,0.1
19340.0,2.0,20.0,0.1
19360.0,3.0,20.0,0.15
19380.0,5.0,20.0,0.25
19400.0,1.0,20.0,0.05
19420.0,2.0,20.0,0.1
19440.0,2.0,20.0,0.1
19460.0,3.0,20.0,0.15
19480.0,0.0,20.0,0.0
19500.0,3.0,20.0,0.15
19520.0,0.0,20.0,0.0
19540.0,7.0,20.0,0.35
19560.0,4.0,20.0,0.2
19580.0,1.0,20.0,0.05
19600.0,8.0,20.0,0.4
19620.0,1.0,20.0,0.05
19640.0,1.0,20.0,0.05
19660.0,1.0,20.0,0.05
19680.0,3.0,20.0,0.15
19700.0,6.0,20.0,0.3
19720.0,5.0,20.0,0.25
19740.0,6.0,20.0,0.3
19760.0,1.0,20.0,0.05
19780.0,3.0,20.0,0.15
19800.0,4.0,20.0,0.2
19820.0,5.0,20.0,0.25
19840.0,0.0,20.0,0.0
19860.0,1.0,20.0,0.05
19880.0,7.0,20.0,0.35
19900.0,4.0,20.0,0.2
19920.0,5.0,20.0,0.25
19940.0,3.0,20.0,0.15
19960.0,4.0,20.0,0.2
19980.0,4.0,20.0,0.2
20000.0,3.0,20.0,0.15
20020.0,6.0,20.0,0.3
20040.0,2.0,20.0,0.1
20060.0,3.0,20.0,0.15
20080.0,6.0,20.0,0.3
20100.0,4.0,20.0,0.2
20120.0,3.0,20.0,0.15
20140.0,3.0,20.0,0.15
20160.0,4.0,20.0,0.2
20180.0,8.0,20.0,0.4
20200.0,2.0,20.0,0.1
20220.0,2.0,20.0,0.1
20240.0,5.0,20.0,0.25
20260.0,4.0,20.0,0.2
20280.0,8.0,20.0,0.4
20300.0,4.0,20.0,0.2
20320.0,4.0,20.0,0.2
20340.0,4.0,20.0,0.2
20360.0,2.0,20.0,0.1
20380.0,4.0,20.0,0.2
20400.0,3.0,20.0,0.15
20420.0,5.0,20.0,0.25
20440.0,2.0,20.0,0.1
20460.0,5.0,20.0,0.25
20480.0,1.0,20.0,0.05
20500.0,7.0,20.0,0.35
20520.0,8.0,20.0,0.4
20540.0,6.0,20.0,0.3
20560.0,4.0,20.0,0.2
20580.0,13.0,20.0,0.65
20600.0,1.0,20.0,0.05
20620.0,4.0,20.0,0.2
20640.0,5.0,20.0,0.25
20660.0,7.0,20.0,0.35
20680.0,2.0,20.0,0.1
20700.0,5.0,20.0,0.25
20720.0,6.0,20.0,0.3
20740.0,3.0,20.0,0.15
20760.0,7.0,20.0,0.35
20780.0,0.0,20.0,0.0
20800.0,1.0,20.0,0.05
20820.0,4.0,20.0,0.2
20840.0,8.0,20.0,0.4
20860.0,1.0,20.0,0.05
20880.0,5.0,20.0,0.25
20900.0,1.0,20.0,0.05
20920.0,8.0,20.0,0.4
20940.0,1.0,20.0,0.05
20960.0,6.0,20.0,0.3
20980.0,2.0,20.0,0.1
21000.0,2.0,20.0,0.1
21020.0,4.0,20.0,0.2
21040.0,2.0,20.0,0.1
21060.0,3.0,20.0,0.15
21080.0,11.0,20.0,0.55
21100.0,1.0,20.0,0.05
21120.0,3.0,20.0,0.15
21140.0,1.0,20.0,0.05
21160.0,8.0,20.0,0.4
21180.0,5.0,20.0,0.25
21200.0,2.0,20.0,0.1
21220.0,1.0,20.0,0.05
21240.0,5.0,20.0,0.25
21260.0,6.0,20.0,0.3
21280.0,2.0,20.0,0.1
21300.0,8.0,20.0,0.4
21320.0,4.0,20.0,0.2
21340.0,3.0,20.0,0.15
21360.0,9.0,20.0,0.45
21380.0,7.0,20.0,0.35
21400.0,3.0,20.0,0.15
21420.0,4.0,20.0,0.2
21440.0,3.0,20.0,0.15
21460.0,5.0,20.0,0.25
21480.0,3.0,20.0,0.15
21500.0,1.0,20.0,0.05
21520.0,3.0,20.0,0.15
21540.0,3.0,20.0,0.15
21560.0,4.0,20.0,0.2
21580.0,2.0,20.0,0.1
21600.0,5.0,20.0,0.25
21620.0,3.0,20.0,0.15
21640.0,4.0,20.0,0.2
21660.0,5.0,20.0,0.25
21680.0,7.0,20.0,0.35
21700.0,0.0,20.0,0.0
21720.0,8.0,20.0,0.4
21740.0,1.0,20.0,0.05
21760.0,6.0,20.0,0.3
21780.0,2.0,20.0,0.1
21800.0,3.0,20.0,0.15
21820.0,4.0,20.0,0.2
21840.0,2.0,20.0,0.1
21860.0,3.0,20.0,0.15
21880.0,1.0,20.0,0.05
21900.0,3.0,20.0,0.15
21920.0,7.0,20.0,0.35
21940.0,0.0,20.0,0.0
21960.0,5.0,20.0,0.25
21980.0,6.0,20.0,0.3
22000.0,7.0,20.0,0.35
22020.0,2.0,20.0,0.1
22040.0,4.0,20.0,0.2
22060.0,7.0,20.0,0.35
22080.0,5.0,20.0,0.25
22100.0,4.0,20.0,0.2
22120.0,3.0,20.0,0.15
22140.0,4.0,20.0,0.2
22160.0,2.0,20.0,0.1
22180.0,8.0,20.0,0.4
22200.0,4.0,20.0,0.2
22220.0,5.0,20.0,0.25
22240.0,4.0,20.0,0.2
22260.0,10.0,20.0,0.5
22280.0,4.0,20.0,0.2
22300.0,3.0,20.0,0.15
22320.0,4.0,20.0,0.2
22340.0,10.0,20.0,0.5
22360.0,8.0,20.0,0.4
22380.0,4.0,20.0,0.2
22400.0,3.0,20.0,0.15
22420.0,3.0,20.0,0.15
22440.0,4.0,20.0,0.2
22460.0,5.0,20.0,0.25
22480.0,6.0,20.0,0.3
22500.0,2.0,20.0,0.1
22520.0,4.0,20.0,0.2
22540.0,3.0,20.0,0.15
22560.0,6.0,20.0,0.3
22580.0,3.0,20.0,0.15
22600.0,4.0,20.0,0.2
22620.0,5.0,20.0,0.25
22640.0,5.0,20.0,0.25
22660.0,2.0,20.0,0.1
22680.0,3.0,20.0,0.15
22700.0,4.0,20.0,0.2
22720.0,1.0,20.0,0.05
22740.0,10.0,20.0,0.5
22760.0,3.0,20.0,0.15
22780.0,5.0,20.0,0.25
22800.0,13.0,20.0,0.65
22820.0,5.0,20.0,0.25
22840.0,5.0,20.0,0.25
22860.0,1.0,20.0,0.05
22880.0,3.0,20.0,0.15
22900.0,8.0,20.0,0.4
22920.0,2.0,20.0,0.1
22940.0,1.0,20.0,0.05
22960.0,3.0,20.0,0.15
22980.0,2.0,20.0,0.1
23000.0,1.0,20.0,0.05
23020.0,4.0,20.0,0.2
23040.0,2.0,20.0,0.1
23060.0,6.0,20.0,0.3
23080.0,3.0,20.0,0.15
23100.0,6.0,20.0,0.3
23120.0,7.0,20.0,0.35
23140.0,5.0,20.0,0.25
23160.0,3.0,20.0,0.15
23180.0,3.0,20.0,0.15
23200.0,3.0,20.0,0.15
23220.0,3.0,20.0,0.15
23240.0,5.0,20.0,0.25
23260.0,3.0,20.0,0.15
23280.0,2.0,20.0,0.1
23300.0,4.0,20.0,0.2
23320.0,2.0,20.0,0.1
23340.0,2.0,20.0,0.1
23360.0,6.0,20.0,0.3
23380.0,1.0,20.0,0.05
23400.0,1.0,20.0,0.05
23420.0,3.0,20.0,0.15
23440.0,2.0,20.0,0.1
23460.0,4.0,20.0,0.2
23480.0,1.0,20.0,0.05
23500.0,5.0,20.0,0.25
23520.0,2.0,20.0,0.1
23540.0,4.0,20.0,0.2
23560.0,3.0,20.0,0.15
23580.0,4.0,20.0,0.2
23600.0,1.0,20.0,0.05
23620.0,2.0,20.0,0.1
23640.0,5.0,20.0,0.25
23660.0,1.0,20.0,0.05
23680.0,5.0,20.0,0.25
23700.0,5.0,20.0,0.25
23720.0,4.0,20.0,0.2
23740.0,6.0,20.0,0.3
23760.0,5.0,20.0,0.25
23780.0,1.0,20.0,0.05
23800.0,4.0,20.0,0.2
23820.0,3.0,20.0,0.15
23840.0,9.0,20.0,0.45
23860.0,3.0,20.0,0.15
23880.0,5.0,20.0,0.25
23900.0,7.0,20.0,0.35
23920.0,0.0,20.0,0.0
23940.0,6.0,20.0,0.3
23960.0,2.0,20.0,0.1
23980.0,5.0,20.0,0.25
24000.0,3.0,20.0,0.15
24020.0,1.0,20.0,0.05
24040.0,3.0,20.0,0.15
24060.0,7.0,20.0,0.35
24080.0,4.0,20.0,0.2
24100.0,3.0,20.0,0.15
24120.0,3.0,20.0,0.15
24140.0,6.0,20.0,0.3
24160.0,5.0,20.0,0.25
24180.0,2.0,20.0,0.1
24200.0,6.0,20.0,0.3
24220.0,3.0,20.0,0.15
24240.0,6.0,20.0,0.3
24260.0,5.0,20.0,0.25
24280.0,4.0,20.0,0.2
24300.0,1.0,20.0,0.05
24320.0,3.0,20.0,0.15
24340.0,2.0,20.0,0.1
24360.0,6.0,20.0,0.3
24380.0,0.0,20.0,0.0
24400.0,4.0,20.0,0.2
24420.0,6.0,20.0,0.3
24440.0,4.0,20.0,0.2
24460.0,8.0,20.0,0.4
24480.0,6.0,20.0,0.3
24500.0,6.0,20.0,0.3
24520.0,4.0,20.0,0.2
24540.0,5.0,20.0,0.25
24560.0,5.0,20.0,0.25
24580.0,7.0,20.0,0.35
24600.0,3.0,20.0,0.15
24620.0,9.0,20.0,0.45
24640.0,2.0,20.0,0.1
24660.0,8.0,20.0,0.4
24680.0,10.0,20.0,0.5
24700.0,17.0,20.0,0.85
24720.0,15.0,20.0,0.75
24740.0,17.0,20.0,0.85
24760.0,22.0,20.0,1.1
24780.0,8.0,20.0,0.4
24800.0,13.0,20.0,0.65
24820.0,3.0,20.0,0.15
24840.0,5.0,20.0,0.25
24860.0,6.0,20.0,0.3
24880.0,14.0,20.0,0.7
24900.0,6.0,20.0,0.3
24920.0,5.0,20.0,0.25
24940.0,5.0,20.0,0.25
24960.0,4.0,20.0,0.2
24980.0,6.0,20.0,0.3
25000.0,3.0,20.0,0.15
25020.0,2.0,20.0,0.1
25040.0,3.0,20.0,0.15
25060.0,4.0,20.0,0.2
25080.0,2.0,20.0,0.1
25100.0,5.0,20.0,0.25
25120.0,6.0,20.0,0.3
25140.0,2.0,20.0,0.1
25160.0,0.0,20.0,0.0
25180.0,1.0,20.0,0.05
25200.0,5.0,20.0,0.25
25220.0,5.0,20.0,0.25
25240.0,8.0,20.0,0.4
25260.0,3.0,20.0,0.15
25280.0,4.0,20.0,0.2
25300.0,6.0,20.0,0.3
25320.0,5.0,20.0,0.25
25340.0,0.0,20.0,0.0
25360.0,7.0,20.0,0.35
25380.0,2.0,20.0,0.1
25400.0,5.0,20.0,0.25
25420.0,5.0,20.0,0.25
25440.0,3.0,20.0,0.15
25460.0,2.0,20.0,0.1
25480.0,2.0,20.0,0.1
25500.0,4.0,20.0,0.2
25520.0,5.0,20.0,0.25
25540.0,6.0,20.0,0.3
25560.0,3.0,20.0,0.15
25580.0,10.0,20.0,0.5
25600.0,4.0,20.0,0.2
25620.0,6.0,20.0,0.3
25640.0,2.0,20.0,0.1
25660.0,9.0,20.0,0.45
25680.0,6.0,20.0,0.3
25700.0,6.0,20.0,0.3
25720.0,4.0,20.0,0.2
25740.0,3.0,20.0,0.15
25760.0,10.0,20.0,0.5
25780.0,3.0,20.0,0.15
25800.0,6.0,20.0,0.3
25820.0,3.0,20.0,0.15
25840.0,6.0,20.0,0.3
25860.0,8.0,20.0,0.4
25880.0,6.0,20.0,0.3
25900.0,8.0,20.0,0.4
25920.0,8.0,20.0,0.4
25940.0,1.0,20.0,0.05
25960.0,7.0,20.0,0.35
25980.0,4.0,20.0,0.2
26000.0,0.0,20.0,0.0
26020.0,2.0,20.0,0.1
26040.0,3.0,20.0,0.15
26060.0,2.0,20.0,0.1
26080.0,8.0,20.0,0.4
26100.0,2.0,20.0,0.1
26120.0,3.0,20.0,0.15
26140.0,4.0,20.0,0.2
26160.0,5.0,20.0,0.25
26180.0,7.0,20.0,0.35
26200.0,5.0,20.0,0.25
26220.0,4.0,20.0,0.2
26240.0,11.0,20.0,0.55
26260.0,3.0,20.0,0.15
26280.0,3.0,20.0,0.15
26300.0,2.0,20.0,0.1
26320.0,2.0,20.0,0.1
26340.0,2.0,20.0,0.1
26360.0,4.0,20.0,0.2
26380.0,5.0,20.0,0.25
26400.0,2.0,20.0,0.1
26420.0,4.0,20.0,0.2
26440.0,7.0,20.0,0.35
26460.0,3.0,20.0,0.15
26480.0,1.0,20.0,0.05
26500.0,3.0,20.0,0.15
26520.0,4.0,20.0,0.2
26540.0,2.0,20.0,0.1
26560.0,0.0,20.0,0.0
26580.0,6.0,20.0,0.3
26600.0,3.0,20.0,0.15
26620.0,10.0,20.0,0.5
26640.0,2.0,20.0,0.1
26660.0,6.0,20.0,0.3
26680.0,1.0,20.0,0.05
26700.0,6.0,20.0,0.3
26720.0,2.0,20.0,0.1
26740.0,2.0,20.0,0.1
26760.0,5.0,20.0,0.25
26780.0,7.0,20.0,0.35
26800.0,6.0,20.0,0.3
26820.0,2.0,20.0,0.1
26840.0,3.0,20.0,0.15
26860.0,0.0,20.0,0.0
26880.0,3.0,20.0,0.15
26900.0,4.0,20.0,0.2
26920.0,5.0,20.0,0.25
26940.0,0.0,20.0,0.0
26960.0,2.0,20.0,0.1
26980.0,2.0,20.0,0.1
27000.0,4.0,20.0,0.2
27020.0,5.0,20.0,0.25
27040.0,7.0,20.0,0.35
27060.0,5.0,20.0,0.25
27080.0,7.0,20.0,0.35
27100.0,4.0,20.0,0.2
27120.0,7.0,20.0,0.35
27140.0,2.0,20.0,0.1
27160.0,4.0,20.0,0.2
27180.0,5.0,20.0,0.25
27200.0,8.0,20.0,0.4
27220.0,6.0,20.0,0.3
27240.0,3.0,20.0,0.15
27260.0,2.0,20.0,0.1
27280.0,2.0,20.0,0.1
27300.0,3.0,20.0,0.15
27320.0,2.0,20.0,0.1
27340.0,6.0,20.0,0.3
27360.0,4.0,20.0,0.2
27380.0,6.0,20.0,0.3
27400.0,1.0,20.0,0.05
27420.0,10.0,20.0,0.5
27440.0,3.0,20.0,0.15
27460.0,4.0,20.0,0.2
27480.0,4.0,20.0,0.2
27500.0,0.0,20.0,0.0
27520.0,7.0,20.0,0.35
27540.0,6.0,20.0,0.3
27560.0,6.0,20.0,0.3
27580.0,1.0,20.0,0.05
27600.0,1.0,20.0,0.05
27620.0,3.0,20.0,0.15
27640.0,4.0,20.0,0.2
27660.0,3.0,20.0,0.15
27680.0,5.0,20.0,0.25
27700.0,2.0,20.0,0.1
27720.0,5.0,20.0,0.25
27740.0,2.0,20.0,0.1
27760.0,1.0,20.0,0.05
27780.0,4.0,20.0,0.2
27800.0,4.0,20.0,0.2
27820.0,4.0,20.0,0.2
27840.0,7.0,20.0,0.35
27860.0,3.0,20.0,0.15
27880.0,2.0,20.0,0.1
27900.0,3.0,20.0,0.15
27920.0,2.0,20.0,0.1
27940.0,7.0,20.0,0.35
27960.0,4.0,20.0,0.2
27980.0,3.0,20.0,0.15
28000.0,1.0,20.0,0.05
28020.0,4.0,20.0,0.2
28040.0,1.0,20.0,0.05
28060.0,3.0,20.0,0.15
28080.0,7.0,20.0,0.35
28100.0,2.0,20.0,0.1
28120.0,7.0,20.0,0.35
28140.0,1.0,20.0,0.05
28160.0,1.0,20.0,0.05
28180.0,4.0,20.0,0.2
28200.0,3.0,20.0,0.15
28220.0,5.0,20.0,0.25
28240.0,6.0,20.0,0.3
28260.0,3.0,20.0,0.15
28280.0,6.0,20.0,0.3
28300.0,2.0,20.0,0.1
28320.0,3.0,20.0,0.15
28340.0,3.0,20.0,0.15
28360.0,2.0,20.0,0.1
28380.0,3.0,20.0,0.15
28400.0,4.0,20.0,0.2
28420.0,4.0,20.0,0.2
28440.0,5.0,20.0,0.25
28460.0,2.0,20.0,0.1
28480.0,2.0,20.0,0.1
28500.0,0.0,20.0,0.0
28520.0,3.0,20.0,0.15
28540.0,3.0,20.0,0.15
28560.0,3.0,20.0,0.15
28580.0,7.0,20.0,0.35
28600.0,1.0,20.0,0.05
28620.0,3.0,20.0,0.15
28640.0,6.0,20.0,0.3
28660.0,0.0,20.0,0.0
28680.0,4.0,20.0,0.2
28700.0,8.0,20.0,0.4
28720.0,7.0,20.0,0.35
28740.0,4.0,20.0,0.2
28760.0,6.0,20.0,0.3
28780.0,7.0,20.0,0.35
28800.0,2.0,20.0,0.1
28820.0,7.0,20.0,0.35
28840.0,4.0,20.0,0.2
28860.0,0.0,20.0,0.0
28880.0,2.0,20.0,0.1
28900.0,4.0,20.0,0.2
28920.0,5.0,20.0,0.25
28940.0,7.0,20.0,0.35
28960.0,2.0,20.0,0.1
28980.0,5.0,20.0,0.25
29000.0,5.0,20.0,0.25
29020.0,1.0,20.0,0.05
29040.0,1.0,20.0,0.05
29060.0,4.0,20.0,0.2
29080.0,2.0,20.0,0.1
29100.0,2.0,20.0,0.1
29120.0,4.0,20.0,0.2
29140.0,7.0,20.0,0.35
29160.0,4.0,20.0,0.2
29180.0,1.0,20.0,0.05
29200.0,1.0,20.0,0.05
29220.0,1.0,20.0,0.05
29240.0,8.0,20.0,0.4
29260.0,2.0,20.0,0.1
29280.0,5.0,20.0,0.25
29300.0,2.0,20.0,0.1
29320.0,3.0,20.0,0.15
29340.0,5.0,20.0,0.25
29360.0,8.0,20.0,0.4
29380.0,3.0,20.0,0.15
29400.0,3.0,20.0,0.15
29420.0,6.0,20.0,0.3
29440.0,12.0,20.0,0.6
29460.0,1.0,20.0,0.05
29480.0,4.0,20.0,0.2
29500.0,4.0,20.0,0.2
29520.0,2.0,20.0,0.1
29540.0,3.0,20.0,0.15
29560.0,6.0,20.0,0.3
29580.0,1.0,20.0,0.05
29600.0,5.0,20.0,0.25
29620.0,6.0,20.0,0.3
29640.0,3.0,20.0,0.15
29660.0,3.0,20.0,0.15
29680.0,4.0,20.0,0.2
29700.0,2.0,20.0,0.1
29720.0,3.0,20.0,0.15
29740.0,4.0,20.0,0.2
29760.0,2.0,20.0,0.1
29780.0,4.0,20.0,0.2
29800.0,0.0,20.0,0.0
29820.0,1.0,20.0,0.05
29840.0,2.0,20.0,0.1
29860.0,3.0,20.0,0.15
29880.0,3.0,20.0,0.15
29900.0,1.0,20.0,0.05
29920.0,1.0,20.0,0.05
29940.0,1.0,20.0,0.05
29960.0,5.0,20.0,0.25
29980.0,3.0,20.0,0.15
30000.0,4.0,20.0,0.2
30020.0,4.0,20.0,0.2
30040.0,7.0,20.0,0.35
30060.0,8.0,20.0,0.4
30080.0,17.0,20.0,0.85
30100.0,10.0,20.0,0.5
30120.0,4.0,20.0,0.2
30140.0,6.0,20.0,0.3
30160.0,13.0,20.0,0.65
30180.0,6.0,20.0,0.3
30200.0,13.0,20.0,0.65
30220.0,7.0,20.0,0.35
30240.0,15.0,20.0,0.75
30260.0,6.0,20.0,0.3
30280.0,6.0,20.0,0.3
30300.0,8.0,20.0,0.4
30320.0,5.0,20.0,0.25
30340.0,5.0,20.0,0.25
30360.0,10.0,20.0,0.5
30380.0,4.0,20.0,0.2
30400.0,6.0,20.0,0.3
30420.0,6.0,20.0,0.3
30440.0,11.0,20.0,0.55
30460.0,4.0,20.0,0.2
30480.0,12.0,20.0,0.6
30500.0,2.0,20.0,0.1
30520.0,3.0,20.0,0.15
30540.0,2.0,20.0,0.1
30560.0,5.0,20.0,0.25
30580.0,5.0,20.0,0.25
30600.0,3.0,20.0,0.15
30620.0,9.0,20.0,0.45
30640.0,8.0,20.0,0.4
30660.0,6.0,20.0,0.3
30680.0,8.0,20.0,0.4
30700.0,4.0,20.0,0.2
30720.0,4.0,20.0,0.2
30740.0,3.0,20.0,0.15
30760.0,3.0,20.0,0.15
30780.0,3.0,20.0,0.15
30800.0,6.0,20.0,0.3
30820.0,6.0,20.0,0.3
30840.0,0.0,20.0,0.0
30860.0,7.0,20.0,0.35
30880.0,3.0,20.0,0.15
30900.0,3.0,20.0,0.15
30920.0,1.0,20.0,0.05
30940.0,2.0,20.0,0.1
30960.0,3.0,20.0,0.15
30980.0,6.0,20.0,0.3
31000.0,4.0,20.0,0.2
31020.0,5.0,20.0,0.25
31040.0,4.0,20.0,0.2
31060.0,1.0,20.0,0.05
31080.0,5.0,20.0,0.25
31100.0,7.0,20.0,0.35
31120.0,3.0,20.0,0.15
31140.0,10.0,20.0,0.5
31160.0,4.0,20.0,0.2
31180.0,3.0,20.0,0.15
31200.0,5.0,20.0,0.25
31220.0,2.0,20.0,0.1
31240.0,4.0,20.0,0.2
31260.0,3.0,20.0,0.15
31280.0,4.0,20.0,0.2
31300.0,0.0,20.0,0.0
31320.0,2.0,20.0,0.1
31340.0,3.0,20.0,0.15
31360.0,4.0,20.0,0.2
31380.0,8.0,20.0,0.4
31400.0,5.0,20.0,0.25
31420.0,1.0,20.0,0.05
31440.0,3.0,20.0,0.15
31460.0,3.0,20.0,0.15
31480.0,2.0,20.0,0.1
31500.0,7.0,20.0,0.35
31520.0,6.0,20.0,0.3
31540.0,6.0,20.0,0.3
31560.0,3.0,20.0,0.15
31580.0,11.0,20.0,0.55
31600.0,4.0,20.0,0.2
31620.0,3.0,20.0,0.15
31640.0,3.0,20.0,0.15
31660.0,6.0,20.0,0.3
31680.0,2.0,20.0,0.1
31700.0,7.0,20.0,0.35
31720.0,2.0,20.0,0.1
31740.0,8.0,20.0,0.4
31760.0,3.0,20.0,0.15
31780.0,2.0,20.0,0.1
31800.0,3.0,20.0,0.15
31820.0,3.0,20.0,0.15
31840.0,1.0,20.0,0.05
31860.0,3.0,20.0,0.15
31880.0,4.0,20.0,0.2
31900.0,2.0,20.0,0.1
31920.0,4.0,20.0,0.2
31940.0,5.0,20.0,0.25
31960.0,5.0,20.0,0.25
31980.0,3.0,20.0,0.15
32000.0,4.0,20.0,0.2
32020.0,2.0,20.0,0.1
32040.0,5.0,20.0,0.25
32060.0,2.0,20.0,0.1
32080.0,0.0,20.0,0.0
32100.0,2.0,20.0,0.1
32120.0,3.0,20.0,0.15
32140.0,5.0,20.0,0.25
32160.0,4.0,20.0,0.2
32180.0,2.0,20.0,0.1
32200.0,4.0,20.0,0.2
32220.0,3.0,20.0,0.15
32240.0,1.0,20.0,0.05
32260.0,5.0,20.0,0.25
32280.0,7.0,20.0,0.35
32300.0,1.0,20.0,0.05
32320.0,4.0,20.0,0.2
32340.0,10.0,20.0,0.5
32360.0,2.0,20.0,0.1
32380.0,3.0,20.0,0.15
32400.0,1.0,20.0,0.05
32420.0,7.0,20.0,0.35
32440.0,7.0,20.0,0.35
32460.0,2.0,20.0,0.1
32480.0,1.0,20.0,0.05
32500.0,1.0,20.0,0.05
32520.0,2.0,20.0,0.1
32540.0,4.0,20.0,0.2
32560.0,3.0,20.0,0.15
32580.0,3.0,20.0,0.15
32600.0,1.0,20.0,0.05
32620.0,4.0,20.0,0.2
32640.0,1.0,20.0,0.05
32660.0,1.0,20.0,0.05
32680.0,4.0,20.0,0.2
32700.0,3.0,20.0,0.15
32720.0,0.0,20.0,0.0
32740.0,1.0,20.0,0.05
32760.0,5.0,20.0,0.25
32780.0,4.0,20.0,0.2
32800.0,6.0,20.0,0.3
32820.0,4.0,20.0,0.2
32840.0,4.0,20.0,0.2
32860.0,4.0,20.0,0.2
32880.0,5.0,20.0,0.25
32900.0,3.0,20.0,0.15
32920.0,2.0,20.0,0.1
32940.0,4.0,20.0,0.2
32960.0,1.0,20.0,0.05
32980.0,2.0,20.0,0.1
33000.0,7.0,20.0,0.35
33020.0,1.0,20.0,0.05
33040.0,1.0,20.0,0.05
33060.0,2.0,20.0,0.1
33080.0,3.0,20.0,0.15
33100.0,5.0,20.0,0.25
33120.0,3.0,20.0,0.15
33140.0,4.0,20.0,0.2
33160.0,2.0,20.0,0.1
33180.0,4.0,20.0,0.2
33200.0,8.0,20.0,0.4
33220.0,3.0,20.0,0.15
33240.0,2.0,20.0,0.1
33260.0,6.0,20.0,0.3
33280.0,4.0,20.0,0.2
33300.0,4.0,20.0,0.2
33320.0,6.0,20.0,0.3
33340.0,2.0,20.0,0.1
33360.0,1.0,20.0,0.05
33380.0,5.0,20.0,0.25
33400.0,0.0,20.0,0.0
33420.0,3.0,20.0,0.15
33440.0,2.0,20.0,0.1
33460.0,5.0,20.0,0.25
33480.0,5.0,20.0,0.25
33500.0,1.0,20.0,0.05
33520.0,3.0,20.0,0.15
33540.0,2.0,20.0,0.1
33560.0,1.0,20.0,0.05
33580.0,6.0,20.0,0.3
33600.0,9.0,20.0,0.45
33620.0,1.0,20.0,0.05
33640.0,5.0,20.0,0.25
33660.0,2.0,20.0,0.1
33680.0,3.0,20.0,0.15
33700.0,2.0,20.0,0.1
33720.0,5.0,20.0,0.25
33740.0,3.0,20.0,0.15
33760.0,4.0,20.0,0.2
33780.0,5.0,20.0,0.25
33800.0,3.0,20.0,0.15
33820.0,6.0,20.0,0.3
33840.0,2.0,20.0,0.1
33860.0,6.0,20.0,0.3
33880.0,3.0,20.0,0.15
33900.0,1.0,20.0,0.05
33920.0,0.0,20.0,0.0
33940.0,6.0,20.0,0.3
33960.0,6.0,20.0,0.3
33980.0,0.0,20.0,0.0
34000.0,1.0,20.0,0.05
34020.0,1.0,20.0,0.05
34040.0,7.0,20.0,0.35
34060.0,1.0,20.0,0.05
34080.0,3.0,20.0,0.15
34100.0,7.0,20.0,0.35
34120.0,5.0,20.0,0.25
34140.0,3.0,20.0,0.15
34160.0,1.0,20.0,0.05
34180.0,7.0,20.0,0.35
34200.0,2.0,20.0,0.1
34220.0,6.0,20.0,0.3
34240.0,3.0,20.0,0.15
34260.0,4.0,20.0,0.2
34280.0,5.0,20.0,0.25
34300.0,4.0,20.0,0.2
34320.0,5.0,20.0,0.25
34340.0,1.0,20.0,0.05
34360.0,7.0,20.0,0.35
34380.0,5.0,20.0,0.25
34400.0,5.0,20.0,0.25
34420.0,1.0,20.0,0.05
34440.0,3.0,20.0,0.15
34460.0,7.0,20.0,0.35
34480.0,4.0,20.0,0.2
34500.0,4.0,20.0,0.2
34520.0,4.0,20.0,0.2
34540.0,5.0,20.0,0.25
34560.0,4.0,20.0,0.2
34580.0,4.0,20.0,0.2
34600.0,7.0,20.0,0.35
34620.0,4.0,20.0,0.2
34640.0,3.0,20.0,0.15
34660.0,4.0,20.0,0.2
34680.0,6.0,20.0,0.3
34700.0,4.0,20.0,0.2
34720.0,5.0,20.0,0.25
34740.0,3.0,20.0,0.15
34760.0,6.0,20.0,0.3
34780.0,1.0,20.0,0.05
34800.0,4.0,20.0,0.2
34820.0,2.0,20.0,0.1
34840.0,5.0,20.0,0.25
34860.0,4.0,20.0,0.2
34880.0,7.0,20.0,0.35
34900.0,7.0,20.0,0.35
34920.0,2.0,20.0,0.1
34940.0,5.0,20.0,0.25
34960.0,8.0,20.0,0.4
34980.0,6.0,20.0,0.3
35000.0,5.0,20.0,0.25
35020.0,0.0,20.0,0.0
35040.0,1.0,20.0,0.05
35060.0,3.0,20.0,0.15
35080.0,5.0,20.0,0.25
35100.0,4.0,20.0,0.2
35120.0,0.0,20.0,0.0
35140.0,9.0,20.0,0.45
35160.0,0.0,20.0,0.0
35180.0,3.0,20.0,0.15
35200.0,1.0,20.0,0.05
35220.0,9.0,20.0,0.45
35240.0,4.0,20.0,0.2
35260.0,5.0,20.0,0.25
35280.0,2.0,20.0,0.1
35300.0,2.0,20.0,0.1
35320.0,2.0,20.0,0.1
35340.0,6.0,20.0,0.3
35360.0,3.0,20.0,0.15
35380.0,6.0,20.0,0.3
35400.0,4.0,20.0,0.2
35420.0,5.0,20.0,0.25
35440.0,5.0,20.0,0.25
35460.0,5.0,20.0,0.25
35480.0,6.0,20.0,0.3
35500.0,10.0,20.0,0.5
35520.0,9.0,20.0,0.45
35540.0,3.0,20.0,0.15
35560.0,10.0,20.0,0.5
35580.0,4.0,20.0,0.2
35600.0,4.0,20.0,0.2
35620.0,2.0,20.0,0.1
35640.0,4.0,20.0,0.2
35660.0,5.0,20.0,0.25
35680.0,1.0,20.0,0.05
35700.0,3.0,20.0,0.15
35720.0,5.0,20.0,0.25
35740.0,2.0,20.0,0.1
35760.0,3.0,20.0,0.15
35780.0,2.0,20.0,0.1
35800.0,1.0,20.0,0.05
35820.0,6.0,20.0,0.3
35840.0,0.0,20.0,0.0
35860.0,4.0,20.0,0.2
35880.0,3.0,20.0,0.15
35900.0,3.0,20.0,0.15
35920.0,4.0,20.0,0.2
35940.0,2.0,20.0,0.1
35960.0,4.0,20.0,0.2
35980.0,3.0,20.0,0.15
36000.0,2.0,20.0,0.1
36020.0,3.0,20.0,0.15
36040.0,6.0,20.0,0.3
36060.0,5.0,20.0,0.25
36080.0,2.0,20.0,0.1
36100.0,5.0,20.0,0.25
36120.0,4.0,20.0,0.2
36140.0,10.0,20.0,0.5
36160.0,2.0,20.0,0.1
36180.0,1.0,20.0,0.05
36200.0,4.0,20.0,0.2
36220.0,7.0,20.0,0.35
36240.0,6.0,20.0,0.3
36260.0,6.0,20.0,0.3
36280.0,3.0,20.0,0.15
36300.0,0.0,20.0,0.0
36320.0,6.0,20.0,0.3
36340.0,2.0,20.0,0.1
36360.0,1.0,20.0,0.05
36380.0,4.0,20.0,0.2
36400.0,5.0,20.0,0.25
36420.0,2.0,20.0,0.1
36440.0,5.0,20.0,0.25
36460.0,4.0,20.0,0.2
36480.0,3.0,20.0,0.15
36500.0,7.0,20.0,0.35
36520.0,1.0,20.0,0.05
36540.0,1.0,20.0,0.05
36560.0,3.0,20.0,0.15
36580.0,3.0,20.0,0.15
36600.0,3.0,20.0,0.15
36620.0,2.0,20.0,0.1
36640.0,8.0,20.0,0.4
36660.0,3.0,20.0,0.15
36680.0,6.0,20.0,0.3
36700.0,1.0,20.0,0.05
36720.0,3.0,20.0,0.15
36740.0,2.0,20.0,0.1
36760.0,2.0,20.0,0.1
36780.0,5.0,20.0,0.25
36800.0,5.0,20.0,0.25
36820.0,0.0,20.0,0.0
36840.0,9.0,20.0,0.45
36860.0,4.0,20.0,0.2
36880.0,2.0,20.0,0.1
36900.0,4.0,20.0,0.2
36920.0,8.0,20.0,0.4
36940.0,4.0,20.0,0.2
36960.0,4.0,20.0,0.2
36980.0,3.0,20.0,0.15
37000.0,6.0,20.0,0.3
37020.0,2.0,20.0,0.1
37040.0,4.0,20.0,0.2
37060.0,2.0,20.0,0.1
37080.0,1.0,20.0,0.05
37100.0,12.0,20.0,0.6
37120.0,4.0,20.0,0.2
37140.0,6.0,20.0,0.3
37160.0,6.0,20.0,0.3
37180.0,6.0,20.0,0.3
37200.0,0.0,20.0,0.0
37220.0,10.0,20.0,0.5
37240.0,6.0,20.0,0.3
37260.0,4.0,20.0,0.2
37280.0,6.0,20.0,0.3
37300.0,2.0,20.0,0.1
37320.0,1.0,20.0,0.05
37340.0,2.0,20.0,0.1
37360.0,2.0,20.0,0.1
37380.0,2.0,20.0,0.1
37400.0,3.0,20.0,0.15
37420.0,3.0,20.0,0.15
37440.0,3.0,20.0,0.15
37460.0,8.0,20.0,0.4
37480.0,5.0,20.0,0.25
37500.0,5.0,20.0,0.25
37520.0,3.0,20.0,0.15
37540.0,4.0,20.0,0.2
37560.0,2.0,20.0,0.1
37580.0,3.0,20.0,0.15
37600.0,3.0,20.0,0.15
37620.0,4.0,20.0,0.2
37640.0,2.0,20.0,0.1
37660.0,3.0,20.0,0.15
37680.0,3.0,20.0,0.15
37700.0,3.0,20.0,0.15
37720.0,3.0,20.0,0.15
37740.0,0.0,20.0,0.0
37760.0,4.0,20.0,0.2
37780.0,6.0,20.0,0.3
37800.0,2.0,20.0,0.1
37820.0,5.0,20.0,0.25
37840.0,5.0,20.0,0.25
37860.0,3.0,20.0,0.15
37880.0,3.0,20.0,0.15
37900.0,2.0,20.0,0.1
37920.0,6.0,20.0,0.3
37940.0,4.0,20.0,0.2
37960.0,3.0,20.0,0.15
37980.0,2.0,20.0,0.1
38000.0,7.0,20.0,0.35
38020.0,4.0,20.0,0.2
38040.0,2.0,20.0,0.1
38060.0,3.0,20.0,0.15
38080.0,1.0,20.0,0.05
38100.0,4.0,20.0,0.2
38120.0,4.0,20.0,0.2
38140.0,0.0,20.0,0.0
38160.0,2.0,20.0,0.1
38180.0,8.0,20.0,0.4
38200.0,5.0,20.0,0.25
38220.0,4.0,20.0,0.2
38240.0,4.0,20.0,0.2
38260.0,4.0,20.0,0.2
38280.0,4.0,20.0,0.2
38300.0,8.0,20.0,0.4
38320.0,3.0,20.0,0.15
38340.0,2.0,20.0,0.1
38360.0,0.0,20.0,0.0
38380.0,4.0,20.0,0.2
38400.0,1.0,20.0,0.05
38420.0,10.0,20.0,0.5
38440.0,7.0,20.0,0.35
38460.0,4.0,20.0,0.2
38480.0,0.0,20.0,0.0
38500.0,6.0,20.0,0.3
38520.0,1.0,20.0,0.05
38540.0,6.0,20.0,0.3
38560.0,4.0,20.0,0.2
38580.0,4.0,20.0,0.2
38600.0,1.0,20.0,0.05
38620.0,5.0,20.0,0.25
38640.0,1.0,20.0,0.05
38660.0,4.0,20.0,0.2
38680.0,4.0,20.0,0.2
38700.0,3.0,20.0,0.15
38720.0,2.0,20.0,0.1
38740.0,0.0,20.0,0.0
38760.0,2.0,20.0,0.1
38780.0,2.0,20.0,0.1
38800.0,5.0,20.0,0.25
38820.0,2.0,20.0,0.1
38840.0,4.0,20.0,0.2
38860.0,2.0,20.0,0.1
38880.0,8.0,20.0,0.4
38900.0,4.0,20.0,0.2
38920.0,5.0,20.0,0.25
38940.0,4.0,20.0,0.2
38960.0,3.0,20.0,0.15
38980.0,5.0,20.0,0.25
39000.0,5.0,20.0,0.25
39020.0,6.0,20.0,0.3
39040.0,1.0,20.0,0.05
39060.0,7.0,20.0,0.35
39080.0,1.0,20.0,0.05
39100.0,3.0,20.0,0.15
39120.0,3.0,20.0,0.15
39140.0,2.0,20.0,0.1
39160.0,2.0,20.0,0.1
39180.0,1.0,20.0,0.05
39200.0,3.0,20.0,0.15
39220.0,4.0,20.0,0.2
39240.0,7.0,20.0,0.35
39260.0,2.0,20.0,0.1
39280.0,2.0,20.0,0.1
39300.0,2.0,20.0,0.1
39320.0,0.0,20.0,0.0
39340.0,6.0,20.0,0.3
39360.0,3.0,20.0,0.15
39380.0,2.0,20.0,0.1
39400.0,2.0,20.0,0.1
39420.0,4.0,20.0,0.2
39440.0,9.0,20.0,0.45
39460.0,2.0,20.0,0.1
39480.0,8.0,20.0,0.4
39500.0,3.0,20.0,0.15
39520.0,2.0,20.0,0.1
39540.0,4.0,20.0,0.2
39560.0,4.0,20.0,0.2
39580.0,2.0,20.0,0.1
39600.0,5.0,20.0,0.25
39620.0,3.0,20.0,0.15
39640.0,5.0,20.0,0.25
39660.0,2.0,20.0,0.1
39680.0,4.0,20.0,0.2
39700.0,5.0,20.0,0.25
39720.0,8.0,20.0,0.4
39740.0,1.0,20.0,0.05
39760.0,2.0,20.0,0.1
39780.0,3.0,20.0,0.15
39800.0,4.0,20.0,0.2
39820.0,6.0,20.0,0.3
39840.0,2.0,20.0,0.1
39860.0,1.0,20.0,0.05
39880.0,3.0,20.0,0.15
39900.0,2.0,20.0,0.1
39920.0,6.0,20.0,0.3
39940.0,3.0,20.0,0.15
39960.0,7.0,20.0,0.35
39980.0,3.0,20.0,0.15
40000.0,9.0,20.0,0.45
40020.0,6.0,20.0,0.3
40040.0,6.0,20.0,0.3
40060.0,1.0,20.0,0.05
40080.0,4.0,20.0,0.2
40100.0,7.0,20.0,0.35
40120.0,2.0,20.0,0.1
40140.0,5.0,20.0,0.25
40160.0,4.0,20.0,0.2
40180.0,8.0,20.0,0.4
40200.0,2.0,20.0,0.1
40220.0,7.0,20.0,0.35
40240.0,3.0,20.0,0.15
40260.0,4.0,20.0,0.2
40280.0,11.0,20.0,0.55
40300.0,3.0,20.0,0.15
40320.0,2.0,20.0,0.1
40340.0,2.0,20.0,0.1
40360.0,6.0,20.0,0.3
40380.0,2.0,20.0,0.1
40400.0,2.0,20.0,0.1
40420.0,4.0,20.0,0.2
40440.0,4.0,20.0,0.2
40460.0,1.0,20.0,0.05
40480.0,4.0,20.0,0.2
40500.0,1.0,20.0,0.05
40520.0,3.0,20.0,0.15
40540.0,5.0,20.0,0.25
40560.0,2.0,20.0,0.1
40580.0,7.0,20.0,0.35
40600.0,3.0,20.0,0.15
40620.0,6.0,20.0,0.3
40640.0,6.0,20.0,0.3
40660.0,12.0,20.0,0.6
40680.0,5.0,20.0,0.25
40700.0,4.0,20.0,0.2
40720.0,4.0,20.0,0.2
40740.0,1.0,20.0,0.05
40760.0,4.0,20.0,0.2
40780.0,2.0,20.0,0.1
40800.0,2.0,20.0,0.1
40820.0,3.0,20.0,0.15
40840.0,6.0,20.0,0.3
40860.0,0.0,20.0,0.0
40880.0,3.0,20.0,0.15
40900.0,2.0,20.0,0.1
40920.0,3.0,20.0,0.15
40940.0,5.0,20.0,0.25
40960.0,1.0,20.0,0.05
40980.0,2.0,20.0,0.1
41000.0,6.0,20.0,0.3
41020.0,0.0,20.0,0.0
41040.0,3.0,20.0,0.15
41060.0,1.0,20.0,0.05
41080.0,4.0,20.0,0.2
41100.0,7.0,20.0,0.35
41120.0,4.0,20.0,0.2
41140.0,4.0,20.0,0.2
41160.0,5.0,20.0,0.25
41180.0,7.0,20.0,0.35
41200.0,3.0,20.0,0.15
41220.0,6.0,20.0,0.3
41240.0,3.0,20.0,0.15
41260.0,1.0,20.0,0.05
41280.0,3.0,20.0,0.15
41300.0,4.0,20.0,0.2
41320.0,6.0,20.0,0.3
41340.0,3.0,20.0,0.15
41360.0,4.0,20.0,0.2
41380.0,4.0,20.0,0.2
41400.0,3.0,20.0,0.15
41420.0,3.0,20.0,0.15
41440.0,6.0,20.0,0.3
41460.0,3.0,20.0,0.15
41480.0,1.0,20.0,0.05
41500.0,4.0,20.0,0.2
41520.0,4.0,20.0,0.2
41540.0,8.0,20.0,0.4
41560.0,8.0,20.0,0.4
41580.0,5.0,20.0,0.25
41600.0,5.0,20.0,0.25
41620.0,4.0,20.0,0.2
41640.0,4.0,20.0,0.2
41660.0,5.0,20.0,0.25
41680.0,1.0,20.0,0.05
41700.0,2.0,20.0,0.1
41720.0,3.0,20.0,0.15
41740.0,3.0,20.0,0.15
41760.0,1.0,20.0,0.05
41780.0,3.0,20.0,0.15
41800.0,4.0,20.0,0.2
41820.0,5.0,20.0,0.25
41840.0,3.0,20.0,0.15
41860.0,4.0,20.0,0.2
41880.0,4.0,20.0,0.2
41900.0,6.0,20.0,0.3
41920.0,6.0,20.0,0.3
41940.0,4.0,20.0,0.2
41960.0,5.0,20.0,0.25
41980.0,6.0,20.0,0.3
42000.0,5.0,20.0,0.25
42020.0,3.0,20.0,0.15
42040.0,6.0,20.0,0.3
42060.0,3.0,20.0,0.15
42080.0,5.0,20.0,0.25
42100.0,3.0,20.0,0.15
42120.0,0.0,20.0,0.0
42140.0,5.0,20.0,0.25
42160.0,2.0,20.0,0.1
42180.0,4.0,20.0,0.2
42200.0,1.0,20.0,0.05
42220.0,5.0,20.0,0.25
42240.0,7.0,20.0,0.35
42260.0,4.0,20.0,0.2
42280.0,8.0,20.0,0.4
42300.0,2.0,20.0,0.1
42320.0,6.0,20.0,0.3
42340.0,2.0,20.0,0.1
42360.0,6.0,20.0,0.3
42380.0,4.0,20.0,0.2
42400.0,2.0,20.0,0.1
42420.0,3.0,20.0,0.15
42440.0,3.0,20.0,0.15
42460.0,1.0,20.0,0.05
42480.0,5.0,20.0,0.25
42500.0,6.0,20.0,0.3
42520.0,4.0,20.0,0.2
42540.0,1.0,20.0,0.05
42560.0,2.0,20.0,0.1
42580.0,0.0,20.0,0.0
42600.0,6.0,20.0,0.3
42620.0,4.0,20.0,0.2
42640.0,1.0,20.0,0.05
42660.0,4.0,20.0,0.2
42680.0,1.0,20.0,0.05
42700.0,3.0,20.0,0.15
42720.0,4.0,20.0,0.2
42740.0,5.0,20.0,0.25
42760.0,3.0,20.0,0.15
42780.0,4.0,20.0,0.2
42800.0,4.0,20.0,0.2
42820.0,5.0,20.0,0.25
42840.0,2.0,20.0,0.1
42860.0,6.0,20.0,0.3
42880.0,0.0,20.0,0.0
42900.0,8.0,20.0,0.4
42920.0,1.0,20.0,0.05
42940.0,4.0,20.0,0.2
42960.0,9.0,20.0,0.45
42980.0,4.0,20.0,0.2
43000.0,4.0,20.0,0.2
43020.0,5.0,20.0,0.25
43040.0,1.0,20.0,0.05
43060.0,4.0,20.0,0.2
43080.0,2.0,20.0,0.1
43100.0,2.0,20.0,0.1
43120.0,5.0,20.0,0.25
